ISO-10303-21;
HEADER;
/* Generated by software containing ST-Developer
 * from STEP Tools, Inc. (www.steptools.com) 
 */

FILE_DESCRIPTION(
/* description */ (''),
/* implementation_level */ '2;1');

FILE_NAME(
/* name */ 'UPS case.step',
/* time_stamp */ '2026-08-17T00:30:09+05:00',
/* author */ (''),
/* organization */ (''),
/* preprocessor_version */ 'ST-DEVELOPER v20.1',
/* originating_system */ 'Autodesk Translation Framework v15.8.0.0',
/* authorisation */ '');

FILE_SCHEMA (('AUTOMOTIVE_DESIGN { 1 0 10303 214 3 1 1 }'));
ENDSEC;

DATA;
#10=MECHANICAL_DESIGN_GEOMETRIC_PRESENTATION_REPRESENTATION('',(#24,#25,
#26,#27),#2359);
#11=SHAPE_REPRESENTATION_RELATIONSHIP('SRR','None',#2366,#12);
#12=ADVANCED_BREP_SHAPE_REPRESENTATION('',(#28,#29,#30,#31),#2358);
#13=FACE_BOUND('',#201,.T.);
#14=FACE_BOUND('',#202,.T.);
#15=FACE_BOUND('',#203,.T.);
#16=FACE_BOUND('',#205,.T.);
#17=FACE_BOUND('',#218,.T.);
#18=FACE_BOUND('',#228,.T.);
#19=FACE_BOUND('',#231,.T.);
#20=FACE_BOUND('',#232,.T.);
#21=FACE_BOUND('',#235,.T.);
#22=FACE_BOUND('',#238,.T.);
#23=FACE_BOUND('',#251,.T.);
#24=STYLED_ITEM('',(#2375),#28);
#25=STYLED_ITEM('',(#2375),#29);
#26=STYLED_ITEM('',(#2375),#30);
#27=STYLED_ITEM('',(#2375),#31);
#28=MANIFOLD_SOLID_BREP('Board',#1440);
#29=MANIFOLD_SOLID_BREP('Battery',#1441);
#30=MANIFOLD_SOLID_BREP('Body4',#1442);
#31=MANIFOLD_SOLID_BREP('Body5',#1443);
#32=PLANE('',#1460);
#33=PLANE('',#1462);
#34=PLANE('',#1465);
#35=PLANE('',#1466);
#36=PLANE('',#1467);
#37=PLANE('',#1468);
#38=PLANE('',#1469);
#39=PLANE('',#1470);
#40=PLANE('',#1471);
#41=PLANE('',#1472);
#42=PLANE('',#1473);
#43=PLANE('',#1474);
#44=PLANE('',#1475);
#45=PLANE('',#1476);
#46=PLANE('',#1477);
#47=PLANE('',#1478);
#48=PLANE('',#1482);
#49=PLANE('',#1483);
#50=PLANE('',#1489);
#51=PLANE('',#1494);
#52=PLANE('',#1495);
#53=PLANE('',#1496);
#54=PLANE('',#1498);
#55=PLANE('',#1499);
#56=PLANE('',#1500);
#57=PLANE('',#1503);
#58=PLANE('',#1504);
#59=PLANE('',#1505);
#60=PLANE('',#1506);
#61=PLANE('',#1507);
#62=PLANE('',#1508);
#63=PLANE('',#1509);
#64=PLANE('',#1510);
#65=PLANE('',#1511);
#66=PLANE('',#1515);
#67=PLANE('',#1519);
#68=PLANE('',#1523);
#69=PLANE('',#1527);
#70=PLANE('',#1528);
#71=PLANE('',#1529);
#72=PLANE('',#1530);
#73=PLANE('',#1531);
#74=PLANE('',#1532);
#75=PLANE('',#1536);
#76=PLANE('',#1540);
#77=PLANE('',#1545);
#78=PLANE('',#1548);
#79=PLANE('',#1549);
#80=PLANE('',#1550);
#81=PLANE('',#1551);
#82=PLANE('',#1552);
#83=PLANE('',#1553);
#84=PLANE('',#1554);
#85=PLANE('',#1555);
#86=PLANE('',#1556);
#87=PLANE('',#1557);
#88=PLANE('',#1558);
#89=PLANE('',#1559);
#90=PLANE('',#1560);
#91=PLANE('',#1561);
#92=PLANE('',#1562);
#93=PLANE('',#1563);
#94=PLANE('',#1564);
#95=FACE_OUTER_BOUND('',#173,.T.);
#96=FACE_OUTER_BOUND('',#174,.T.);
#97=FACE_OUTER_BOUND('',#175,.T.);
#98=FACE_OUTER_BOUND('',#176,.T.);
#99=FACE_OUTER_BOUND('',#177,.T.);
#100=FACE_OUTER_BOUND('',#178,.T.);
#101=FACE_OUTER_BOUND('',#179,.T.);
#102=FACE_OUTER_BOUND('',#180,.T.);
#103=FACE_OUTER_BOUND('',#181,.T.);
#104=FACE_OUTER_BOUND('',#182,.T.);
#105=FACE_OUTER_BOUND('',#183,.T.);
#106=FACE_OUTER_BOUND('',#184,.T.);
#107=FACE_OUTER_BOUND('',#185,.T.);
#108=FACE_OUTER_BOUND('',#186,.T.);
#109=FACE_OUTER_BOUND('',#187,.T.);
#110=FACE_OUTER_BOUND('',#188,.T.);
#111=FACE_OUTER_BOUND('',#189,.T.);
#112=FACE_OUTER_BOUND('',#190,.T.);
#113=FACE_OUTER_BOUND('',#191,.T.);
#114=FACE_OUTER_BOUND('',#192,.T.);
#115=FACE_OUTER_BOUND('',#193,.T.);
#116=FACE_OUTER_BOUND('',#194,.T.);
#117=FACE_OUTER_BOUND('',#195,.T.);
#118=FACE_OUTER_BOUND('',#196,.T.);
#119=FACE_OUTER_BOUND('',#197,.T.);
#120=FACE_OUTER_BOUND('',#198,.T.);
#121=FACE_OUTER_BOUND('',#199,.T.);
#122=FACE_OUTER_BOUND('',#200,.T.);
#123=FACE_OUTER_BOUND('',#204,.T.);
#124=FACE_OUTER_BOUND('',#206,.T.);
#125=FACE_OUTER_BOUND('',#207,.T.);
#126=FACE_OUTER_BOUND('',#208,.T.);
#127=FACE_OUTER_BOUND('',#209,.T.);
#128=FACE_OUTER_BOUND('',#210,.T.);
#129=FACE_OUTER_BOUND('',#211,.T.);
#130=FACE_OUTER_BOUND('',#212,.T.);
#131=FACE_OUTER_BOUND('',#213,.T.);
#132=FACE_OUTER_BOUND('',#214,.T.);
#133=FACE_OUTER_BOUND('',#215,.T.);
#134=FACE_OUTER_BOUND('',#216,.T.);
#135=FACE_OUTER_BOUND('',#217,.T.);
#136=FACE_OUTER_BOUND('',#219,.T.);
#137=FACE_OUTER_BOUND('',#220,.T.);
#138=FACE_OUTER_BOUND('',#221,.T.);
#139=FACE_OUTER_BOUND('',#222,.T.);
#140=FACE_OUTER_BOUND('',#223,.T.);
#141=FACE_OUTER_BOUND('',#224,.T.);
#142=FACE_OUTER_BOUND('',#225,.T.);
#143=FACE_OUTER_BOUND('',#226,.T.);
#144=FACE_OUTER_BOUND('',#227,.T.);
#145=FACE_OUTER_BOUND('',#229,.T.);
#146=FACE_OUTER_BOUND('',#230,.T.);
#147=FACE_OUTER_BOUND('',#233,.T.);
#148=FACE_OUTER_BOUND('',#234,.T.);
#149=FACE_OUTER_BOUND('',#236,.T.);
#150=FACE_OUTER_BOUND('',#237,.T.);
#151=FACE_OUTER_BOUND('',#239,.T.);
#152=FACE_OUTER_BOUND('',#240,.T.);
#153=FACE_OUTER_BOUND('',#241,.T.);
#154=FACE_OUTER_BOUND('',#242,.T.);
#155=FACE_OUTER_BOUND('',#243,.T.);
#156=FACE_OUTER_BOUND('',#244,.T.);
#157=FACE_OUTER_BOUND('',#245,.T.);
#158=FACE_OUTER_BOUND('',#246,.T.);
#159=FACE_OUTER_BOUND('',#247,.T.);
#160=FACE_OUTER_BOUND('',#248,.T.);
#161=FACE_OUTER_BOUND('',#249,.T.);
#162=FACE_OUTER_BOUND('',#250,.T.);
#163=FACE_OUTER_BOUND('',#252,.T.);
#164=FACE_OUTER_BOUND('',#253,.T.);
#165=FACE_OUTER_BOUND('',#254,.T.);
#166=FACE_OUTER_BOUND('',#255,.T.);
#167=FACE_OUTER_BOUND('',#256,.T.);
#168=FACE_OUTER_BOUND('',#257,.T.);
#169=FACE_OUTER_BOUND('',#258,.T.);
#170=FACE_OUTER_BOUND('',#259,.T.);
#171=FACE_OUTER_BOUND('',#260,.T.);
#172=FACE_OUTER_BOUND('',#261,.T.);
#173=EDGE_LOOP('',(#953,#954,#955,#956));
#174=EDGE_LOOP('',(#957,#958,#959,#960,#961,#962,#963,#964,#965,#966));
#175=EDGE_LOOP('',(#967,#968,#969,#970));
#176=EDGE_LOOP('',(#971,#972,#973,#974));
#177=EDGE_LOOP('',(#975,#976,#977,#978));
#178=EDGE_LOOP('',(#979,#980,#981,#982));
#179=EDGE_LOOP('',(#983,#984,#985,#986));
#180=EDGE_LOOP('',(#987,#988,#989,#990,#991,#992,#993,#994));
#181=EDGE_LOOP('',(#995,#996,#997,#998));
#182=EDGE_LOOP('',(#999,#1000,#1001,#1002));
#183=EDGE_LOOP('',(#1003,#1004,#1005,#1006,#1007,#1008));
#184=EDGE_LOOP('',(#1009,#1010,#1011,#1012));
#185=EDGE_LOOP('',(#1013,#1014,#1015,#1016));
#186=EDGE_LOOP('',(#1017,#1018,#1019,#1020));
#187=EDGE_LOOP('',(#1021,#1022,#1023,#1024));
#188=EDGE_LOOP('',(#1025,#1026,#1027,#1028));
#189=EDGE_LOOP('',(#1029,#1030,#1031,#1032));
#190=EDGE_LOOP('',(#1033,#1034,#1035,#1036));
#191=EDGE_LOOP('',(#1037,#1038,#1039,#1040));
#192=EDGE_LOOP('',(#1041,#1042,#1043,#1044));
#193=EDGE_LOOP('',(#1045,#1046,#1047,#1048,#1049,#1050,#1051,#1052));
#194=EDGE_LOOP('',(#1053,#1054,#1055,#1056));
#195=EDGE_LOOP('',(#1057,#1058,#1059,#1060));
#196=EDGE_LOOP('',(#1061,#1062,#1063,#1064));
#197=EDGE_LOOP('',(#1065,#1066,#1067,#1068));
#198=EDGE_LOOP('',(#1069,#1070,#1071,#1072));
#199=EDGE_LOOP('',(#1073,#1074,#1075,#1076));
#200=EDGE_LOOP('',(#1077,#1078,#1079,#1080));
#201=EDGE_LOOP('',(#1081,#1082,#1083,#1084));
#202=EDGE_LOOP('',(#1085));
#203=EDGE_LOOP('',(#1086,#1087,#1088,#1089));
#204=EDGE_LOOP('',(#1090,#1091,#1092,#1093,#1094,#1095,#1096,#1097));
#205=EDGE_LOOP('',(#1098,#1099,#1100,#1101));
#206=EDGE_LOOP('',(#1102,#1103,#1104,#1105));
#207=EDGE_LOOP('',(#1106,#1107,#1108,#1109));
#208=EDGE_LOOP('',(#1110,#1111,#1112,#1113));
#209=EDGE_LOOP('',(#1114,#1115,#1116,#1117));
#210=EDGE_LOOP('',(#1118,#1119,#1120,#1121));
#211=EDGE_LOOP('',(#1122,#1123,#1124,#1125,#1126,#1127,#1128,#1129));
#212=EDGE_LOOP('',(#1130,#1131,#1132,#1133));
#213=EDGE_LOOP('',(#1134,#1135,#1136,#1137));
#214=EDGE_LOOP('',(#1138,#1139,#1140,#1141));
#215=EDGE_LOOP('',(#1142,#1143,#1144,#1145));
#216=EDGE_LOOP('',(#1146,#1147,#1148,#1149));
#217=EDGE_LOOP('',(#1150,#1151,#1152,#1153));
#218=EDGE_LOOP('',(#1154,#1155,#1156,#1157));
#219=EDGE_LOOP('',(#1158,#1159,#1160,#1161));
#220=EDGE_LOOP('',(#1162,#1163,#1164,#1165));
#221=EDGE_LOOP('',(#1166,#1167,#1168,#1169));
#222=EDGE_LOOP('',(#1170,#1171,#1172,#1173));
#223=EDGE_LOOP('',(#1174,#1175,#1176,#1177));
#224=EDGE_LOOP('',(#1178,#1179,#1180,#1181));
#225=EDGE_LOOP('',(#1182,#1183,#1184,#1185));
#226=EDGE_LOOP('',(#1186,#1187,#1188,#1189));
#227=EDGE_LOOP('',(#1190,#1191,#1192,#1193));
#228=EDGE_LOOP('',(#1194,#1195,#1196,#1197,#1198,#1199,#1200,#1201));
#229=EDGE_LOOP('',(#1202,#1203,#1204,#1205));
#230=EDGE_LOOP('',(#1206,#1207,#1208,#1209,#1210,#1211,#1212,#1213));
#231=EDGE_LOOP('',(#1214));
#232=EDGE_LOOP('',(#1215,#1216,#1217,#1218));
#233=EDGE_LOOP('',(#1219,#1220,#1221,#1222));
#234=EDGE_LOOP('',(#1223,#1224,#1225,#1226));
#235=EDGE_LOOP('',(#1227,#1228,#1229,#1230,#1231,#1232,#1233,#1234));
#236=EDGE_LOOP('',(#1235,#1236,#1237,#1238));
#237=EDGE_LOOP('',(#1239,#1240,#1241,#1242,#1243,#1244,#1245,#1246));
#238=EDGE_LOOP('',(#1247,#1248,#1249,#1250));
#239=EDGE_LOOP('',(#1251,#1252,#1253,#1254));
#240=EDGE_LOOP('',(#1255,#1256,#1257,#1258));
#241=EDGE_LOOP('',(#1259,#1260,#1261,#1262));
#242=EDGE_LOOP('',(#1263,#1264,#1265,#1266));
#243=EDGE_LOOP('',(#1267,#1268,#1269,#1270));
#244=EDGE_LOOP('',(#1271,#1272,#1273,#1274));
#245=EDGE_LOOP('',(#1275,#1276,#1277,#1278));
#246=EDGE_LOOP('',(#1279,#1280,#1281,#1282));
#247=EDGE_LOOP('',(#1283,#1284,#1285,#1286));
#248=EDGE_LOOP('',(#1287,#1288,#1289,#1290));
#249=EDGE_LOOP('',(#1291,#1292,#1293,#1294));
#250=EDGE_LOOP('',(#1295,#1296,#1297,#1298));
#251=EDGE_LOOP('',(#1299,#1300,#1301,#1302));
#252=EDGE_LOOP('',(#1303,#1304,#1305,#1306));
#253=EDGE_LOOP('',(#1307,#1308,#1309,#1310));
#254=EDGE_LOOP('',(#1311,#1312,#1313,#1314));
#255=EDGE_LOOP('',(#1315,#1316,#1317,#1318));
#256=EDGE_LOOP('',(#1319,#1320,#1321,#1322));
#257=EDGE_LOOP('',(#1323,#1324,#1325,#1326));
#258=EDGE_LOOP('',(#1327,#1328,#1329,#1330));
#259=EDGE_LOOP('',(#1331,#1332,#1333,#1334));
#260=EDGE_LOOP('',(#1335,#1336,#1337,#1338,#1339,#1340,#1341,#1342));
#261=EDGE_LOOP('',(#1343,#1344,#1345,#1346));
#262=LINE('',#1956,#429);
#263=LINE('',#1959,#430);
#264=LINE('',#1962,#431);
#265=LINE('',#1966,#432);
#266=LINE('',#1968,#433);
#267=LINE('',#1970,#434);
#268=LINE('',#1972,#435);
#269=LINE('',#1974,#436);
#270=LINE('',#1976,#437);
#271=LINE('',#1977,#438);
#272=LINE('',#1980,#439);
#273=LINE('',#1981,#440);
#274=LINE('',#1985,#441);
#275=LINE('',#1988,#442);
#276=LINE('',#1990,#443);
#277=LINE('',#1991,#444);
#278=LINE('',#1994,#445);
#279=LINE('',#1996,#446);
#280=LINE('',#1997,#447);
#281=LINE('',#1999,#448);
#282=LINE('',#2000,#449);
#283=LINE('',#2003,#450);
#284=LINE('',#2005,#451);
#285=LINE('',#2006,#452);
#286=LINE('',#2009,#453);
#287=LINE('',#2011,#454);
#288=LINE('',#2016,#455);
#289=LINE('',#2018,#456);
#290=LINE('',#2020,#457);
#291=LINE('',#2021,#458);
#292=LINE('',#2024,#459);
#293=LINE('',#2026,#460);
#294=LINE('',#2027,#461);
#295=LINE('',#2030,#462);
#296=LINE('',#2032,#463);
#297=LINE('',#2033,#464);
#298=LINE('',#2035,#465);
#299=LINE('',#2036,#466);
#300=LINE('',#2044,#467);
#301=LINE('',#2047,#468);
#302=LINE('',#2050,#469);
#303=LINE('',#2052,#470);
#304=LINE('',#2053,#471);
#305=LINE('',#2056,#472);
#306=LINE('',#2060,#473);
#307=LINE('',#2064,#474);
#308=LINE('',#2070,#475);
#309=LINE('',#2071,#476);
#310=LINE('',#2074,#477);
#311=LINE('',#2075,#478);
#312=LINE('',#2079,#479);
#313=LINE('',#2083,#480);
#314=LINE('',#2087,#481);
#315=LINE('',#2089,#482);
#316=LINE('',#2091,#483);
#317=LINE('',#2092,#484);
#318=LINE('',#2095,#485);
#319=LINE('',#2097,#486);
#320=LINE('',#2098,#487);
#321=LINE('',#2100,#488);
#322=LINE('',#2102,#489);
#323=LINE('',#2103,#490);
#324=LINE('',#2108,#491);
#325=LINE('',#2110,#492);
#326=LINE('',#2112,#493);
#327=LINE('',#2113,#494);
#328=LINE('',#2115,#495);
#329=LINE('',#2118,#496);
#330=LINE('',#2120,#497);
#331=LINE('',#2122,#498);
#332=LINE('',#2123,#499);
#333=LINE('',#2126,#500);
#334=LINE('',#2128,#501);
#335=LINE('',#2129,#502);
#336=LINE('',#2132,#503);
#337=LINE('',#2133,#504);
#338=LINE('',#2136,#505);
#339=LINE('',#2140,#506);
#340=LINE('',#2141,#507);
#341=LINE('',#2143,#508);
#342=LINE('',#2147,#509);
#343=LINE('',#2149,#510);
#344=LINE('',#2151,#511);
#345=LINE('',#2153,#512);
#346=LINE('',#2155,#513);
#347=LINE('',#2157,#514);
#348=LINE('',#2159,#515);
#349=LINE('',#2160,#516);
#350=LINE('',#2163,#517);
#351=LINE('',#2164,#518);
#352=LINE('',#2166,#519);
#353=LINE('',#2170,#520);
#354=LINE('',#2172,#521);
#355=LINE('',#2174,#522);
#356=LINE('',#2175,#523);
#357=LINE('',#2177,#524);
#358=LINE('',#2178,#525);
#359=LINE('',#2180,#526);
#360=LINE('',#2181,#527);
#361=LINE('',#2188,#528);
#362=LINE('',#2191,#529);
#363=LINE('',#2194,#530);
#364=LINE('',#2196,#531);
#365=LINE('',#2197,#532);
#366=LINE('',#2202,#533);
#367=LINE('',#2206,#534);
#368=LINE('',#2208,#535);
#369=LINE('',#2209,#536);
#370=LINE('',#2214,#537);
#371=LINE('',#2218,#538);
#372=LINE('',#2220,#539);
#373=LINE('',#2221,#540);
#374=LINE('',#2226,#541);
#375=LINE('',#2229,#542);
#376=LINE('',#2230,#543);
#377=LINE('',#2232,#544);
#378=LINE('',#2233,#545);
#379=LINE('',#2235,#546);
#380=LINE('',#2237,#547);
#381=LINE('',#2245,#548);
#382=LINE('',#2248,#549);
#383=LINE('',#2251,#550);
#384=LINE('',#2255,#551);
#385=LINE('',#2259,#552);
#386=LINE('',#2262,#553);
#387=LINE('',#2265,#554);
#388=LINE('',#2267,#555);
#389=LINE('',#2269,#556);
#390=LINE('',#2270,#557);
#391=LINE('',#2273,#558);
#392=LINE('',#2274,#559);
#393=LINE('',#2278,#560);
#394=LINE('',#2283,#561);
#395=LINE('',#2284,#562);
#396=LINE('',#2287,#563);
#397=LINE('',#2288,#564);
#398=LINE('',#2292,#565);
#399=LINE('',#2296,#566);
#400=LINE('',#2298,#567);
#401=LINE('',#2300,#568);
#402=LINE('',#2301,#569);
#403=LINE('',#2304,#570);
#404=LINE('',#2306,#571);
#405=LINE('',#2307,#572);
#406=LINE('',#2310,#573);
#407=LINE('',#2312,#574);
#408=LINE('',#2313,#575);
#409=LINE('',#2315,#576);
#410=LINE('',#2316,#577);
#411=LINE('',#2318,#578);
#412=LINE('',#2319,#579);
#413=LINE('',#2321,#580);
#414=LINE('',#2325,#581);
#415=LINE('',#2327,#582);
#416=LINE('',#2329,#583);
#417=LINE('',#2330,#584);
#418=LINE('',#2334,#585);
#419=LINE('',#2335,#586);
#420=LINE('',#2336,#587);
#421=LINE('',#2339,#588);
#422=LINE('',#2340,#589);
#423=LINE('',#2343,#590);
#424=LINE('',#2344,#591);
#425=LINE('',#2346,#592);
#426=LINE('',#2348,#593);
#427=LINE('',#2351,#594);
#428=LINE('',#2353,#595);
#429=VECTOR('',#1571,10.);
#430=VECTOR('',#1574,10.);
#431=VECTOR('',#1577,10.);
#432=VECTOR('',#1580,10.);
#433=VECTOR('',#1581,10.);
#434=VECTOR('',#1582,10.);
#435=VECTOR('',#1583,10.);
#436=VECTOR('',#1584,10.);
#437=VECTOR('',#1585,10.);
#438=VECTOR('',#1586,10.);
#439=VECTOR('',#1589,10.);
#440=VECTOR('',#1590,10.);
#441=VECTOR('',#1595,10.);
#442=VECTOR('',#1598,10.);
#443=VECTOR('',#1599,10.);
#444=VECTOR('',#1600,10.);
#445=VECTOR('',#1603,10.);
#446=VECTOR('',#1604,10.);
#447=VECTOR('',#1605,10.);
#448=VECTOR('',#1608,10.);
#449=VECTOR('',#1609,10.);
#450=VECTOR('',#1612,10.);
#451=VECTOR('',#1613,10.);
#452=VECTOR('',#1614,10.);
#453=VECTOR('',#1619,10.);
#454=VECTOR('',#1622,10.);
#455=VECTOR('',#1627,10.);
#456=VECTOR('',#1628,10.);
#457=VECTOR('',#1629,10.);
#458=VECTOR('',#1630,10.);
#459=VECTOR('',#1633,10.);
#460=VECTOR('',#1634,10.);
#461=VECTOR('',#1635,10.);
#462=VECTOR('',#1638,10.);
#463=VECTOR('',#1639,10.);
#464=VECTOR('',#1640,10.);
#465=VECTOR('',#1643,10.);
#466=VECTOR('',#1644,10.);
#467=VECTOR('',#1653,10.);
#468=VECTOR('',#1656,10.);
#469=VECTOR('',#1659,10.);
#470=VECTOR('',#1660,10.);
#471=VECTOR('',#1661,10.);
#472=VECTOR('',#1664,10.);
#473=VECTOR('',#1667,10.);
#474=VECTOR('',#1670,10.);
#475=VECTOR('',#1677,10.);
#476=VECTOR('',#1678,10.);
#477=VECTOR('',#1681,10.);
#478=VECTOR('',#1682,10.);
#479=VECTOR('',#1687,10.);
#480=VECTOR('',#1692,10.);
#481=VECTOR('',#1695,10.);
#482=VECTOR('',#1696,10.);
#483=VECTOR('',#1697,10.);
#484=VECTOR('',#1698,10.);
#485=VECTOR('',#1701,10.);
#486=VECTOR('',#1702,10.);
#487=VECTOR('',#1703,10.);
#488=VECTOR('',#1706,10.);
#489=VECTOR('',#1707,10.);
#490=VECTOR('',#1708,10.);
#491=VECTOR('',#1711,10.);
#492=VECTOR('',#1712,10.);
#493=VECTOR('',#1713,10.);
#494=VECTOR('',#1714,10.);
#495=VECTOR('',#1717,10.);
#496=VECTOR('',#1718,10.);
#497=VECTOR('',#1719,10.);
#498=VECTOR('',#1720,10.);
#499=VECTOR('',#1721,10.);
#500=VECTOR('',#1724,10.);
#501=VECTOR('',#1725,10.);
#502=VECTOR('',#1726,10.);
#503=VECTOR('',#1729,10.);
#504=VECTOR('',#1730,10.);
#505=VECTOR('',#1733,1.75);
#506=VECTOR('',#1738,10.);
#507=VECTOR('',#1739,10.);
#508=VECTOR('',#1742,10.);
#509=VECTOR('',#1745,10.);
#510=VECTOR('',#1746,10.);
#511=VECTOR('',#1747,10.);
#512=VECTOR('',#1748,10.);
#513=VECTOR('',#1749,10.);
#514=VECTOR('',#1750,10.);
#515=VECTOR('',#1751,10.);
#516=VECTOR('',#1752,10.);
#517=VECTOR('',#1755,10.);
#518=VECTOR('',#1756,10.);
#519=VECTOR('',#1759,10.);
#520=VECTOR('',#1762,10.);
#521=VECTOR('',#1763,10.);
#522=VECTOR('',#1764,10.);
#523=VECTOR('',#1765,10.);
#524=VECTOR('',#1768,10.);
#525=VECTOR('',#1769,10.);
#526=VECTOR('',#1772,10.);
#527=VECTOR('',#1773,10.);
#528=VECTOR('',#1780,10.);
#529=VECTOR('',#1783,10.);
#530=VECTOR('',#1786,10.);
#531=VECTOR('',#1787,10.);
#532=VECTOR('',#1788,10.);
#533=VECTOR('',#1793,10.);
#534=VECTOR('',#1798,10.);
#535=VECTOR('',#1799,10.);
#536=VECTOR('',#1800,10.);
#537=VECTOR('',#1805,10.);
#538=VECTOR('',#1810,10.);
#539=VECTOR('',#1811,10.);
#540=VECTOR('',#1812,10.);
#541=VECTOR('',#1817,10.);
#542=VECTOR('',#1822,10.);
#543=VECTOR('',#1823,10.);
#544=VECTOR('',#1826,10.);
#545=VECTOR('',#1827,10.);
#546=VECTOR('',#1830,10.);
#547=VECTOR('',#1833,10.);
#548=VECTOR('',#1842,10.);
#549=VECTOR('',#1845,10.);
#550=VECTOR('',#1848,10.);
#551=VECTOR('',#1851,10.);
#552=VECTOR('',#1854,10.);
#553=VECTOR('',#1857,10.);
#554=VECTOR('',#1858,10.);
#555=VECTOR('',#1859,10.);
#556=VECTOR('',#1860,10.);
#557=VECTOR('',#1861,10.);
#558=VECTOR('',#1864,10.);
#559=VECTOR('',#1865,10.);
#560=VECTOR('',#1870,10.);
#561=VECTOR('',#1875,10.);
#562=VECTOR('',#1876,10.);
#563=VECTOR('',#1879,10.);
#564=VECTOR('',#1880,10.);
#565=VECTOR('',#1885,10.);
#566=VECTOR('',#1888,10.);
#567=VECTOR('',#1889,10.);
#568=VECTOR('',#1890,10.);
#569=VECTOR('',#1891,10.);
#570=VECTOR('',#1894,10.);
#571=VECTOR('',#1895,10.);
#572=VECTOR('',#1896,10.);
#573=VECTOR('',#1899,10.);
#574=VECTOR('',#1900,10.);
#575=VECTOR('',#1901,10.);
#576=VECTOR('',#1904,10.);
#577=VECTOR('',#1905,10.);
#578=VECTOR('',#1908,10.);
#579=VECTOR('',#1909,10.);
#580=VECTOR('',#1912,10.);
#581=VECTOR('',#1915,10.);
#582=VECTOR('',#1916,10.);
#583=VECTOR('',#1917,10.);
#584=VECTOR('',#1918,10.);
#585=VECTOR('',#1921,10.);
#586=VECTOR('',#1922,10.);
#587=VECTOR('',#1923,10.);
#588=VECTOR('',#1926,10.);
#589=VECTOR('',#1927,10.);
#590=VECTOR('',#1930,10.);
#591=VECTOR('',#1931,10.);
#592=VECTOR('',#1934,10.);
#593=VECTOR('',#1937,10.);
#594=VECTOR('',#1942,10.);
#595=VECTOR('',#1945,10.);
#596=CIRCLE('',#1458,1.);
#597=CIRCLE('',#1459,1.);
#598=CIRCLE('',#1461,1.);
#599=CIRCLE('',#1464,1.);
#600=CIRCLE('',#1480,1.);
#601=CIRCLE('',#1481,1.);
#602=CIRCLE('',#1484,1.);
#603=CIRCLE('',#1485,1.);
#604=CIRCLE('',#1486,1.);
#605=CIRCLE('',#1488,1.);
#606=CIRCLE('',#1491,1.);
#607=CIRCLE('',#1493,1.);
#608=CIRCLE('',#1497,1.25);
#609=CIRCLE('',#1502,1.25);
#610=CIRCLE('',#1513,0.8);
#611=CIRCLE('',#1514,0.8);
#612=CIRCLE('',#1517,0.8);
#613=CIRCLE('',#1518,0.8);
#614=CIRCLE('',#1521,0.8);
#615=CIRCLE('',#1522,0.8);
#616=CIRCLE('',#1525,0.8);
#617=CIRCLE('',#1526,0.8);
#618=CIRCLE('',#1534,1.);
#619=CIRCLE('',#1535,1.);
#620=CIRCLE('',#1537,1.);
#621=CIRCLE('',#1538,1.);
#622=CIRCLE('',#1539,1.);
#623=CIRCLE('',#1542,1.);
#624=CIRCLE('',#1544,1.);
#625=CIRCLE('',#1547,1.);
#626=VERTEX_POINT('',#1952);
#627=VERTEX_POINT('',#1953);
#628=VERTEX_POINT('',#1955);
#629=VERTEX_POINT('',#1957);
#630=VERTEX_POINT('',#1961);
#631=VERTEX_POINT('',#1963);
#632=VERTEX_POINT('',#1965);
#633=VERTEX_POINT('',#1967);
#634=VERTEX_POINT('',#1969);
#635=VERTEX_POINT('',#1971);
#636=VERTEX_POINT('',#1973);
#637=VERTEX_POINT('',#1975);
#638=VERTEX_POINT('',#1979);
#639=VERTEX_POINT('',#1983);
#640=VERTEX_POINT('',#1987);
#641=VERTEX_POINT('',#1989);
#642=VERTEX_POINT('',#1993);
#643=VERTEX_POINT('',#1995);
#644=VERTEX_POINT('',#2002);
#645=VERTEX_POINT('',#2004);
#646=VERTEX_POINT('',#2014);
#647=VERTEX_POINT('',#2015);
#648=VERTEX_POINT('',#2017);
#649=VERTEX_POINT('',#2019);
#650=VERTEX_POINT('',#2023);
#651=VERTEX_POINT('',#2025);
#652=VERTEX_POINT('',#2029);
#653=VERTEX_POINT('',#2031);
#654=VERTEX_POINT('',#2040);
#655=VERTEX_POINT('',#2041);
#656=VERTEX_POINT('',#2043);
#657=VERTEX_POINT('',#2045);
#658=VERTEX_POINT('',#2049);
#659=VERTEX_POINT('',#2051);
#660=VERTEX_POINT('',#2055);
#661=VERTEX_POINT('',#2057);
#662=VERTEX_POINT('',#2059);
#663=VERTEX_POINT('',#2061);
#664=VERTEX_POINT('',#2063);
#665=VERTEX_POINT('',#2067);
#666=VERTEX_POINT('',#2068);
#667=VERTEX_POINT('',#2073);
#668=VERTEX_POINT('',#2077);
#669=VERTEX_POINT('',#2081);
#670=VERTEX_POINT('',#2085);
#671=VERTEX_POINT('',#2086);
#672=VERTEX_POINT('',#2088);
#673=VERTEX_POINT('',#2090);
#674=VERTEX_POINT('',#2094);
#675=VERTEX_POINT('',#2096);
#676=VERTEX_POINT('',#2101);
#677=VERTEX_POINT('',#2104);
#678=VERTEX_POINT('',#2106);
#679=VERTEX_POINT('',#2107);
#680=VERTEX_POINT('',#2109);
#681=VERTEX_POINT('',#2111);
#682=VERTEX_POINT('',#2116);
#683=VERTEX_POINT('',#2117);
#684=VERTEX_POINT('',#2119);
#685=VERTEX_POINT('',#2121);
#686=VERTEX_POINT('',#2125);
#687=VERTEX_POINT('',#2127);
#688=VERTEX_POINT('',#2131);
#689=VERTEX_POINT('',#2135);
#690=VERTEX_POINT('',#2139);
#691=VERTEX_POINT('',#2145);
#692=VERTEX_POINT('',#2146);
#693=VERTEX_POINT('',#2148);
#694=VERTEX_POINT('',#2150);
#695=VERTEX_POINT('',#2152);
#696=VERTEX_POINT('',#2154);
#697=VERTEX_POINT('',#2156);
#698=VERTEX_POINT('',#2158);
#699=VERTEX_POINT('',#2162);
#700=VERTEX_POINT('',#2168);
#701=VERTEX_POINT('',#2169);
#702=VERTEX_POINT('',#2171);
#703=VERTEX_POINT('',#2173);
#704=VERTEX_POINT('',#2184);
#705=VERTEX_POINT('',#2185);
#706=VERTEX_POINT('',#2187);
#707=VERTEX_POINT('',#2189);
#708=VERTEX_POINT('',#2193);
#709=VERTEX_POINT('',#2195);
#710=VERTEX_POINT('',#2199);
#711=VERTEX_POINT('',#2201);
#712=VERTEX_POINT('',#2205);
#713=VERTEX_POINT('',#2207);
#714=VERTEX_POINT('',#2211);
#715=VERTEX_POINT('',#2213);
#716=VERTEX_POINT('',#2217);
#717=VERTEX_POINT('',#2219);
#718=VERTEX_POINT('',#2223);
#719=VERTEX_POINT('',#2225);
#720=VERTEX_POINT('',#2241);
#721=VERTEX_POINT('',#2242);
#722=VERTEX_POINT('',#2244);
#723=VERTEX_POINT('',#2246);
#724=VERTEX_POINT('',#2250);
#725=VERTEX_POINT('',#2252);
#726=VERTEX_POINT('',#2254);
#727=VERTEX_POINT('',#2256);
#728=VERTEX_POINT('',#2258);
#729=VERTEX_POINT('',#2260);
#730=VERTEX_POINT('',#2263);
#731=VERTEX_POINT('',#2264);
#732=VERTEX_POINT('',#2266);
#733=VERTEX_POINT('',#2268);
#734=VERTEX_POINT('',#2272);
#735=VERTEX_POINT('',#2276);
#736=VERTEX_POINT('',#2280);
#737=VERTEX_POINT('',#2281);
#738=VERTEX_POINT('',#2286);
#739=VERTEX_POINT('',#2290);
#740=VERTEX_POINT('',#2294);
#741=VERTEX_POINT('',#2295);
#742=VERTEX_POINT('',#2297);
#743=VERTEX_POINT('',#2299);
#744=VERTEX_POINT('',#2303);
#745=VERTEX_POINT('',#2305);
#746=VERTEX_POINT('',#2309);
#747=VERTEX_POINT('',#2311);
#748=VERTEX_POINT('',#2323);
#749=VERTEX_POINT('',#2324);
#750=VERTEX_POINT('',#2326);
#751=VERTEX_POINT('',#2328);
#752=VERTEX_POINT('',#2332);
#753=VERTEX_POINT('',#2333);
#754=VERTEX_POINT('',#2338);
#755=VERTEX_POINT('',#2342);
#756=EDGE_CURVE('',#626,#627,#596,.T.);
#757=EDGE_CURVE('',#627,#628,#262,.T.);
#758=EDGE_CURVE('',#628,#629,#597,.T.);
#759=EDGE_CURVE('',#629,#626,#263,.T.);
#760=EDGE_CURVE('',#630,#628,#264,.T.);
#761=EDGE_CURVE('',#631,#630,#598,.T.);
#762=EDGE_CURVE('',#632,#631,#265,.T.);
#763=EDGE_CURVE('',#633,#632,#266,.T.);
#764=EDGE_CURVE('',#633,#634,#267,.T.);
#765=EDGE_CURVE('',#635,#634,#268,.T.);
#766=EDGE_CURVE('',#636,#635,#269,.T.);
#767=EDGE_CURVE('',#636,#637,#270,.T.);
#768=EDGE_CURVE('',#637,#629,#271,.T.);
#769=EDGE_CURVE('',#627,#638,#272,.T.);
#770=EDGE_CURVE('',#630,#638,#273,.T.);
#771=EDGE_CURVE('',#638,#639,#599,.T.);
#772=EDGE_CURVE('',#639,#631,#274,.T.);
#773=EDGE_CURVE('',#640,#636,#275,.T.);
#774=EDGE_CURVE('',#641,#635,#276,.T.);
#775=EDGE_CURVE('',#640,#641,#277,.T.);
#776=EDGE_CURVE('',#642,#640,#278,.T.);
#777=EDGE_CURVE('',#643,#641,#279,.T.);
#778=EDGE_CURVE('',#642,#643,#280,.T.);
#779=EDGE_CURVE('',#633,#642,#281,.T.);
#780=EDGE_CURVE('',#634,#643,#282,.T.);
#781=EDGE_CURVE('',#632,#644,#283,.T.);
#782=EDGE_CURVE('',#644,#645,#284,.T.);
#783=EDGE_CURVE('',#645,#637,#285,.T.);
#784=EDGE_CURVE('',#644,#639,#286,.T.);
#785=EDGE_CURVE('',#645,#626,#287,.T.);
#786=EDGE_CURVE('',#646,#647,#288,.T.);
#787=EDGE_CURVE('',#646,#648,#289,.T.);
#788=EDGE_CURVE('',#649,#648,#290,.T.);
#789=EDGE_CURVE('',#647,#649,#291,.T.);
#790=EDGE_CURVE('',#647,#650,#292,.T.);
#791=EDGE_CURVE('',#651,#649,#293,.T.);
#792=EDGE_CURVE('',#650,#651,#294,.T.);
#793=EDGE_CURVE('',#650,#652,#295,.T.);
#794=EDGE_CURVE('',#653,#651,#296,.T.);
#795=EDGE_CURVE('',#652,#653,#297,.T.);
#796=EDGE_CURVE('',#652,#646,#298,.T.);
#797=EDGE_CURVE('',#648,#653,#299,.T.);
#798=EDGE_CURVE('',#654,#655,#600,.T.);
#799=EDGE_CURVE('',#655,#656,#300,.T.);
#800=EDGE_CURVE('',#656,#657,#601,.T.);
#801=EDGE_CURVE('',#657,#654,#301,.T.);
#802=EDGE_CURVE('',#658,#655,#302,.T.);
#803=EDGE_CURVE('',#659,#658,#303,.T.);
#804=EDGE_CURVE('',#656,#659,#304,.T.);
#805=EDGE_CURVE('',#654,#660,#305,.T.);
#806=EDGE_CURVE('',#661,#660,#602,.T.);
#807=EDGE_CURVE('',#661,#662,#306,.T.);
#808=EDGE_CURVE('',#663,#662,#603,.T.);
#809=EDGE_CURVE('',#663,#664,#307,.T.);
#810=EDGE_CURVE('',#658,#664,#604,.T.);
#811=EDGE_CURVE('',#665,#666,#605,.T.);
#812=EDGE_CURVE('',#666,#661,#308,.T.);
#813=EDGE_CURVE('',#660,#665,#309,.T.);
#814=EDGE_CURVE('',#667,#666,#310,.T.);
#815=EDGE_CURVE('',#662,#667,#311,.T.);
#816=EDGE_CURVE('',#667,#668,#606,.T.);
#817=EDGE_CURVE('',#668,#663,#312,.T.);
#818=EDGE_CURVE('',#669,#659,#607,.T.);
#819=EDGE_CURVE('',#664,#669,#313,.T.);
#820=EDGE_CURVE('',#670,#671,#314,.T.);
#821=EDGE_CURVE('',#671,#672,#315,.T.);
#822=EDGE_CURVE('',#673,#672,#316,.T.);
#823=EDGE_CURVE('',#670,#673,#317,.T.);
#824=EDGE_CURVE('',#671,#674,#318,.T.);
#825=EDGE_CURVE('',#674,#675,#319,.T.);
#826=EDGE_CURVE('',#672,#675,#320,.T.);
#827=EDGE_CURVE('',#669,#668,#321,.T.);
#828=EDGE_CURVE('',#676,#670,#322,.T.);
#829=EDGE_CURVE('',#674,#676,#323,.T.);
#830=EDGE_CURVE('',#677,#677,#608,.T.);
#831=EDGE_CURVE('',#678,#679,#324,.T.);
#832=EDGE_CURVE('',#680,#678,#325,.T.);
#833=EDGE_CURVE('',#681,#680,#326,.T.);
#834=EDGE_CURVE('',#679,#681,#327,.T.);
#835=EDGE_CURVE('',#665,#657,#328,.T.);
#836=EDGE_CURVE('',#682,#683,#329,.T.);
#837=EDGE_CURVE('',#683,#684,#330,.T.);
#838=EDGE_CURVE('',#684,#685,#331,.T.);
#839=EDGE_CURVE('',#685,#682,#332,.T.);
#840=EDGE_CURVE('',#680,#686,#333,.T.);
#841=EDGE_CURVE('',#687,#686,#334,.T.);
#842=EDGE_CURVE('',#681,#687,#335,.T.);
#843=EDGE_CURVE('',#678,#688,#336,.T.);
#844=EDGE_CURVE('',#686,#688,#337,.T.);
#845=EDGE_CURVE('',#677,#689,#338,.T.);
#846=EDGE_CURVE('',#689,#689,#609,.T.);
#847=EDGE_CURVE('',#679,#690,#339,.T.);
#848=EDGE_CURVE('',#688,#690,#340,.T.);
#849=EDGE_CURVE('',#690,#687,#341,.T.);
#850=EDGE_CURVE('',#691,#692,#342,.T.);
#851=EDGE_CURVE('',#692,#693,#343,.T.);
#852=EDGE_CURVE('',#693,#694,#344,.T.);
#853=EDGE_CURVE('',#694,#695,#345,.T.);
#854=EDGE_CURVE('',#696,#695,#346,.T.);
#855=EDGE_CURVE('',#697,#696,#347,.T.);
#856=EDGE_CURVE('',#697,#698,#348,.T.);
#857=EDGE_CURVE('',#698,#691,#349,.T.);
#858=EDGE_CURVE('',#676,#699,#350,.T.);
#859=EDGE_CURVE('',#675,#699,#351,.T.);
#860=EDGE_CURVE('',#699,#673,#352,.T.);
#861=EDGE_CURVE('',#700,#701,#353,.T.);
#862=EDGE_CURVE('',#700,#702,#354,.T.);
#863=EDGE_CURVE('',#703,#702,#355,.T.);
#864=EDGE_CURVE('',#701,#703,#356,.T.);
#865=EDGE_CURVE('',#697,#700,#357,.T.);
#866=EDGE_CURVE('',#702,#696,#358,.T.);
#867=EDGE_CURVE('',#701,#694,#359,.T.);
#868=EDGE_CURVE('',#695,#703,#360,.T.);
#869=EDGE_CURVE('',#704,#705,#610,.T.);
#870=EDGE_CURVE('',#705,#706,#361,.T.);
#871=EDGE_CURVE('',#706,#707,#611,.T.);
#872=EDGE_CURVE('',#707,#704,#362,.T.);
#873=EDGE_CURVE('',#708,#705,#363,.T.);
#874=EDGE_CURVE('',#709,#708,#364,.T.);
#875=EDGE_CURVE('',#706,#709,#365,.T.);
#876=EDGE_CURVE('',#708,#710,#612,.T.);
#877=EDGE_CURVE('',#710,#711,#366,.T.);
#878=EDGE_CURVE('',#711,#709,#613,.T.);
#879=EDGE_CURVE('',#712,#710,#367,.T.);
#880=EDGE_CURVE('',#713,#712,#368,.T.);
#881=EDGE_CURVE('',#711,#713,#369,.T.);
#882=EDGE_CURVE('',#712,#714,#614,.T.);
#883=EDGE_CURVE('',#714,#715,#370,.T.);
#884=EDGE_CURVE('',#715,#713,#615,.T.);
#885=EDGE_CURVE('',#716,#714,#371,.T.);
#886=EDGE_CURVE('',#717,#716,#372,.T.);
#887=EDGE_CURVE('',#715,#717,#373,.T.);
#888=EDGE_CURVE('',#716,#718,#616,.T.);
#889=EDGE_CURVE('',#718,#719,#374,.T.);
#890=EDGE_CURVE('',#719,#717,#617,.T.);
#891=EDGE_CURVE('',#719,#707,#375,.T.);
#892=EDGE_CURVE('',#704,#718,#376,.T.);
#893=EDGE_CURVE('',#692,#683,#377,.T.);
#894=EDGE_CURVE('',#691,#684,#378,.T.);
#895=EDGE_CURVE('',#698,#685,#379,.T.);
#896=EDGE_CURVE('',#682,#693,#380,.T.);
#897=EDGE_CURVE('',#720,#721,#618,.T.);
#898=EDGE_CURVE('',#721,#722,#381,.T.);
#899=EDGE_CURVE('',#722,#723,#619,.T.);
#900=EDGE_CURVE('',#723,#720,#382,.T.);
#901=EDGE_CURVE('',#722,#724,#383,.T.);
#902=EDGE_CURVE('',#725,#724,#620,.T.);
#903=EDGE_CURVE('',#725,#726,#384,.T.);
#904=EDGE_CURVE('',#727,#726,#621,.T.);
#905=EDGE_CURVE('',#727,#728,#385,.T.);
#906=EDGE_CURVE('',#729,#728,#622,.T.);
#907=EDGE_CURVE('',#729,#723,#386,.T.);
#908=EDGE_CURVE('',#730,#731,#387,.T.);
#909=EDGE_CURVE('',#731,#732,#388,.T.);
#910=EDGE_CURVE('',#732,#733,#389,.T.);
#911=EDGE_CURVE('',#733,#730,#390,.T.);
#912=EDGE_CURVE('',#734,#721,#391,.T.);
#913=EDGE_CURVE('',#724,#734,#392,.T.);
#914=EDGE_CURVE('',#734,#735,#623,.T.);
#915=EDGE_CURVE('',#735,#725,#393,.T.);
#916=EDGE_CURVE('',#736,#737,#624,.T.);
#917=EDGE_CURVE('',#737,#727,#394,.T.);
#918=EDGE_CURVE('',#726,#736,#395,.T.);
#919=EDGE_CURVE('',#738,#737,#396,.T.);
#920=EDGE_CURVE('',#728,#738,#397,.T.);
#921=EDGE_CURVE('',#738,#739,#625,.T.);
#922=EDGE_CURVE('',#739,#729,#398,.T.);
#923=EDGE_CURVE('',#740,#741,#399,.T.);
#924=EDGE_CURVE('',#741,#742,#400,.T.);
#925=EDGE_CURVE('',#742,#743,#401,.T.);
#926=EDGE_CURVE('',#740,#743,#402,.T.);
#927=EDGE_CURVE('',#741,#744,#403,.T.);
#928=EDGE_CURVE('',#744,#745,#404,.T.);
#929=EDGE_CURVE('',#745,#742,#405,.T.);
#930=EDGE_CURVE('',#744,#746,#406,.T.);
#931=EDGE_CURVE('',#746,#747,#407,.T.);
#932=EDGE_CURVE('',#747,#745,#408,.T.);
#933=EDGE_CURVE('',#743,#747,#409,.T.);
#934=EDGE_CURVE('',#746,#740,#410,.T.);
#935=EDGE_CURVE('',#731,#743,#411,.T.);
#936=EDGE_CURVE('',#730,#747,#412,.T.);
#937=EDGE_CURVE('',#732,#742,#413,.T.);
#938=EDGE_CURVE('',#748,#749,#414,.T.);
#939=EDGE_CURVE('',#749,#750,#415,.T.);
#940=EDGE_CURVE('',#750,#751,#416,.T.);
#941=EDGE_CURVE('',#751,#748,#417,.T.);
#942=EDGE_CURVE('',#752,#753,#418,.T.);
#943=EDGE_CURVE('',#752,#748,#419,.T.);
#944=EDGE_CURVE('',#753,#751,#420,.T.);
#945=EDGE_CURVE('',#753,#754,#421,.T.);
#946=EDGE_CURVE('',#754,#750,#422,.T.);
#947=EDGE_CURVE('',#754,#755,#423,.T.);
#948=EDGE_CURVE('',#755,#749,#424,.T.);
#949=EDGE_CURVE('',#755,#752,#425,.T.);
#950=EDGE_CURVE('',#733,#745,#426,.T.);
#951=EDGE_CURVE('',#720,#739,#427,.T.);
#952=EDGE_CURVE('',#736,#735,#428,.T.);
#953=ORIENTED_EDGE('',*,*,#756,.T.);
#954=ORIENTED_EDGE('',*,*,#757,.T.);
#955=ORIENTED_EDGE('',*,*,#758,.T.);
#956=ORIENTED_EDGE('',*,*,#759,.T.);
#957=ORIENTED_EDGE('',*,*,#758,.F.);
#958=ORIENTED_EDGE('',*,*,#760,.F.);
#959=ORIENTED_EDGE('',*,*,#761,.F.);
#960=ORIENTED_EDGE('',*,*,#762,.F.);
#961=ORIENTED_EDGE('',*,*,#763,.F.);
#962=ORIENTED_EDGE('',*,*,#764,.T.);
#963=ORIENTED_EDGE('',*,*,#765,.F.);
#964=ORIENTED_EDGE('',*,*,#766,.F.);
#965=ORIENTED_EDGE('',*,*,#767,.T.);
#966=ORIENTED_EDGE('',*,*,#768,.T.);
#967=ORIENTED_EDGE('',*,*,#757,.F.);
#968=ORIENTED_EDGE('',*,*,#769,.T.);
#969=ORIENTED_EDGE('',*,*,#770,.F.);
#970=ORIENTED_EDGE('',*,*,#760,.T.);
#971=ORIENTED_EDGE('',*,*,#761,.T.);
#972=ORIENTED_EDGE('',*,*,#770,.T.);
#973=ORIENTED_EDGE('',*,*,#771,.T.);
#974=ORIENTED_EDGE('',*,*,#772,.T.);
#975=ORIENTED_EDGE('',*,*,#773,.T.);
#976=ORIENTED_EDGE('',*,*,#766,.T.);
#977=ORIENTED_EDGE('',*,*,#774,.F.);
#978=ORIENTED_EDGE('',*,*,#775,.F.);
#979=ORIENTED_EDGE('',*,*,#776,.T.);
#980=ORIENTED_EDGE('',*,*,#775,.T.);
#981=ORIENTED_EDGE('',*,*,#777,.F.);
#982=ORIENTED_EDGE('',*,*,#778,.F.);
#983=ORIENTED_EDGE('',*,*,#779,.T.);
#984=ORIENTED_EDGE('',*,*,#778,.T.);
#985=ORIENTED_EDGE('',*,*,#780,.F.);
#986=ORIENTED_EDGE('',*,*,#764,.F.);
#987=ORIENTED_EDGE('',*,*,#763,.T.);
#988=ORIENTED_EDGE('',*,*,#781,.T.);
#989=ORIENTED_EDGE('',*,*,#782,.T.);
#990=ORIENTED_EDGE('',*,*,#783,.T.);
#991=ORIENTED_EDGE('',*,*,#767,.F.);
#992=ORIENTED_EDGE('',*,*,#773,.F.);
#993=ORIENTED_EDGE('',*,*,#776,.F.);
#994=ORIENTED_EDGE('',*,*,#779,.F.);
#995=ORIENTED_EDGE('',*,*,#765,.T.);
#996=ORIENTED_EDGE('',*,*,#780,.T.);
#997=ORIENTED_EDGE('',*,*,#777,.T.);
#998=ORIENTED_EDGE('',*,*,#774,.T.);
#999=ORIENTED_EDGE('',*,*,#772,.F.);
#1000=ORIENTED_EDGE('',*,*,#784,.F.);
#1001=ORIENTED_EDGE('',*,*,#781,.F.);
#1002=ORIENTED_EDGE('',*,*,#762,.T.);
#1003=ORIENTED_EDGE('',*,*,#756,.F.);
#1004=ORIENTED_EDGE('',*,*,#785,.F.);
#1005=ORIENTED_EDGE('',*,*,#782,.F.);
#1006=ORIENTED_EDGE('',*,*,#784,.T.);
#1007=ORIENTED_EDGE('',*,*,#771,.F.);
#1008=ORIENTED_EDGE('',*,*,#769,.F.);
#1009=ORIENTED_EDGE('',*,*,#759,.F.);
#1010=ORIENTED_EDGE('',*,*,#768,.F.);
#1011=ORIENTED_EDGE('',*,*,#783,.F.);
#1012=ORIENTED_EDGE('',*,*,#785,.T.);
#1013=ORIENTED_EDGE('',*,*,#786,.F.);
#1014=ORIENTED_EDGE('',*,*,#787,.T.);
#1015=ORIENTED_EDGE('',*,*,#788,.F.);
#1016=ORIENTED_EDGE('',*,*,#789,.F.);
#1017=ORIENTED_EDGE('',*,*,#790,.F.);
#1018=ORIENTED_EDGE('',*,*,#789,.T.);
#1019=ORIENTED_EDGE('',*,*,#791,.F.);
#1020=ORIENTED_EDGE('',*,*,#792,.F.);
#1021=ORIENTED_EDGE('',*,*,#793,.F.);
#1022=ORIENTED_EDGE('',*,*,#792,.T.);
#1023=ORIENTED_EDGE('',*,*,#794,.F.);
#1024=ORIENTED_EDGE('',*,*,#795,.F.);
#1025=ORIENTED_EDGE('',*,*,#796,.F.);
#1026=ORIENTED_EDGE('',*,*,#795,.T.);
#1027=ORIENTED_EDGE('',*,*,#797,.F.);
#1028=ORIENTED_EDGE('',*,*,#787,.F.);
#1029=ORIENTED_EDGE('',*,*,#797,.T.);
#1030=ORIENTED_EDGE('',*,*,#794,.T.);
#1031=ORIENTED_EDGE('',*,*,#791,.T.);
#1032=ORIENTED_EDGE('',*,*,#788,.T.);
#1033=ORIENTED_EDGE('',*,*,#796,.T.);
#1034=ORIENTED_EDGE('',*,*,#786,.T.);
#1035=ORIENTED_EDGE('',*,*,#790,.T.);
#1036=ORIENTED_EDGE('',*,*,#793,.T.);
#1037=ORIENTED_EDGE('',*,*,#798,.T.);
#1038=ORIENTED_EDGE('',*,*,#799,.T.);
#1039=ORIENTED_EDGE('',*,*,#800,.T.);
#1040=ORIENTED_EDGE('',*,*,#801,.T.);
#1041=ORIENTED_EDGE('',*,*,#799,.F.);
#1042=ORIENTED_EDGE('',*,*,#802,.F.);
#1043=ORIENTED_EDGE('',*,*,#803,.F.);
#1044=ORIENTED_EDGE('',*,*,#804,.F.);
#1045=ORIENTED_EDGE('',*,*,#798,.F.);
#1046=ORIENTED_EDGE('',*,*,#805,.T.);
#1047=ORIENTED_EDGE('',*,*,#806,.F.);
#1048=ORIENTED_EDGE('',*,*,#807,.T.);
#1049=ORIENTED_EDGE('',*,*,#808,.F.);
#1050=ORIENTED_EDGE('',*,*,#809,.T.);
#1051=ORIENTED_EDGE('',*,*,#810,.F.);
#1052=ORIENTED_EDGE('',*,*,#802,.T.);
#1053=ORIENTED_EDGE('',*,*,#811,.T.);
#1054=ORIENTED_EDGE('',*,*,#812,.T.);
#1055=ORIENTED_EDGE('',*,*,#806,.T.);
#1056=ORIENTED_EDGE('',*,*,#813,.T.);
#1057=ORIENTED_EDGE('',*,*,#812,.F.);
#1058=ORIENTED_EDGE('',*,*,#814,.F.);
#1059=ORIENTED_EDGE('',*,*,#815,.F.);
#1060=ORIENTED_EDGE('',*,*,#807,.F.);
#1061=ORIENTED_EDGE('',*,*,#808,.T.);
#1062=ORIENTED_EDGE('',*,*,#815,.T.);
#1063=ORIENTED_EDGE('',*,*,#816,.T.);
#1064=ORIENTED_EDGE('',*,*,#817,.T.);
#1065=ORIENTED_EDGE('',*,*,#818,.T.);
#1066=ORIENTED_EDGE('',*,*,#803,.T.);
#1067=ORIENTED_EDGE('',*,*,#810,.T.);
#1068=ORIENTED_EDGE('',*,*,#819,.T.);
#1069=ORIENTED_EDGE('',*,*,#820,.T.);
#1070=ORIENTED_EDGE('',*,*,#821,.T.);
#1071=ORIENTED_EDGE('',*,*,#822,.F.);
#1072=ORIENTED_EDGE('',*,*,#823,.F.);
#1073=ORIENTED_EDGE('',*,*,#824,.T.);
#1074=ORIENTED_EDGE('',*,*,#825,.T.);
#1075=ORIENTED_EDGE('',*,*,#826,.F.);
#1076=ORIENTED_EDGE('',*,*,#821,.F.);
#1077=ORIENTED_EDGE('',*,*,#817,.F.);
#1078=ORIENTED_EDGE('',*,*,#827,.F.);
#1079=ORIENTED_EDGE('',*,*,#819,.F.);
#1080=ORIENTED_EDGE('',*,*,#809,.F.);
#1081=ORIENTED_EDGE('',*,*,#824,.F.);
#1082=ORIENTED_EDGE('',*,*,#820,.F.);
#1083=ORIENTED_EDGE('',*,*,#828,.F.);
#1084=ORIENTED_EDGE('',*,*,#829,.F.);
#1085=ORIENTED_EDGE('',*,*,#830,.F.);
#1086=ORIENTED_EDGE('',*,*,#831,.F.);
#1087=ORIENTED_EDGE('',*,*,#832,.F.);
#1088=ORIENTED_EDGE('',*,*,#833,.F.);
#1089=ORIENTED_EDGE('',*,*,#834,.F.);
#1090=ORIENTED_EDGE('',*,*,#800,.F.);
#1091=ORIENTED_EDGE('',*,*,#804,.T.);
#1092=ORIENTED_EDGE('',*,*,#818,.F.);
#1093=ORIENTED_EDGE('',*,*,#827,.T.);
#1094=ORIENTED_EDGE('',*,*,#816,.F.);
#1095=ORIENTED_EDGE('',*,*,#814,.T.);
#1096=ORIENTED_EDGE('',*,*,#811,.F.);
#1097=ORIENTED_EDGE('',*,*,#835,.T.);
#1098=ORIENTED_EDGE('',*,*,#836,.T.);
#1099=ORIENTED_EDGE('',*,*,#837,.T.);
#1100=ORIENTED_EDGE('',*,*,#838,.T.);
#1101=ORIENTED_EDGE('',*,*,#839,.T.);
#1102=ORIENTED_EDGE('',*,*,#833,.T.);
#1103=ORIENTED_EDGE('',*,*,#840,.T.);
#1104=ORIENTED_EDGE('',*,*,#841,.F.);
#1105=ORIENTED_EDGE('',*,*,#842,.F.);
#1106=ORIENTED_EDGE('',*,*,#832,.T.);
#1107=ORIENTED_EDGE('',*,*,#843,.T.);
#1108=ORIENTED_EDGE('',*,*,#844,.F.);
#1109=ORIENTED_EDGE('',*,*,#840,.F.);
#1110=ORIENTED_EDGE('',*,*,#830,.T.);
#1111=ORIENTED_EDGE('',*,*,#845,.T.);
#1112=ORIENTED_EDGE('',*,*,#846,.F.);
#1113=ORIENTED_EDGE('',*,*,#845,.F.);
#1114=ORIENTED_EDGE('',*,*,#831,.T.);
#1115=ORIENTED_EDGE('',*,*,#847,.T.);
#1116=ORIENTED_EDGE('',*,*,#848,.F.);
#1117=ORIENTED_EDGE('',*,*,#843,.F.);
#1118=ORIENTED_EDGE('',*,*,#834,.T.);
#1119=ORIENTED_EDGE('',*,*,#842,.T.);
#1120=ORIENTED_EDGE('',*,*,#849,.F.);
#1121=ORIENTED_EDGE('',*,*,#847,.F.);
#1122=ORIENTED_EDGE('',*,*,#850,.T.);
#1123=ORIENTED_EDGE('',*,*,#851,.T.);
#1124=ORIENTED_EDGE('',*,*,#852,.T.);
#1125=ORIENTED_EDGE('',*,*,#853,.T.);
#1126=ORIENTED_EDGE('',*,*,#854,.F.);
#1127=ORIENTED_EDGE('',*,*,#855,.F.);
#1128=ORIENTED_EDGE('',*,*,#856,.T.);
#1129=ORIENTED_EDGE('',*,*,#857,.T.);
#1130=ORIENTED_EDGE('',*,*,#829,.T.);
#1131=ORIENTED_EDGE('',*,*,#858,.T.);
#1132=ORIENTED_EDGE('',*,*,#859,.F.);
#1133=ORIENTED_EDGE('',*,*,#825,.F.);
#1134=ORIENTED_EDGE('',*,*,#828,.T.);
#1135=ORIENTED_EDGE('',*,*,#823,.T.);
#1136=ORIENTED_EDGE('',*,*,#860,.F.);
#1137=ORIENTED_EDGE('',*,*,#858,.F.);
#1138=ORIENTED_EDGE('',*,*,#861,.F.);
#1139=ORIENTED_EDGE('',*,*,#862,.T.);
#1140=ORIENTED_EDGE('',*,*,#863,.F.);
#1141=ORIENTED_EDGE('',*,*,#864,.F.);
#1142=ORIENTED_EDGE('',*,*,#865,.F.);
#1143=ORIENTED_EDGE('',*,*,#855,.T.);
#1144=ORIENTED_EDGE('',*,*,#866,.F.);
#1145=ORIENTED_EDGE('',*,*,#862,.F.);
#1146=ORIENTED_EDGE('',*,*,#867,.F.);
#1147=ORIENTED_EDGE('',*,*,#864,.T.);
#1148=ORIENTED_EDGE('',*,*,#868,.F.);
#1149=ORIENTED_EDGE('',*,*,#853,.F.);
#1150=ORIENTED_EDGE('',*,*,#854,.T.);
#1151=ORIENTED_EDGE('',*,*,#868,.T.);
#1152=ORIENTED_EDGE('',*,*,#863,.T.);
#1153=ORIENTED_EDGE('',*,*,#866,.T.);
#1154=ORIENTED_EDGE('',*,*,#822,.T.);
#1155=ORIENTED_EDGE('',*,*,#826,.T.);
#1156=ORIENTED_EDGE('',*,*,#859,.T.);
#1157=ORIENTED_EDGE('',*,*,#860,.T.);
#1158=ORIENTED_EDGE('',*,*,#869,.T.);
#1159=ORIENTED_EDGE('',*,*,#870,.T.);
#1160=ORIENTED_EDGE('',*,*,#871,.T.);
#1161=ORIENTED_EDGE('',*,*,#872,.T.);
#1162=ORIENTED_EDGE('',*,*,#870,.F.);
#1163=ORIENTED_EDGE('',*,*,#873,.F.);
#1164=ORIENTED_EDGE('',*,*,#874,.F.);
#1165=ORIENTED_EDGE('',*,*,#875,.F.);
#1166=ORIENTED_EDGE('',*,*,#876,.T.);
#1167=ORIENTED_EDGE('',*,*,#877,.T.);
#1168=ORIENTED_EDGE('',*,*,#878,.T.);
#1169=ORIENTED_EDGE('',*,*,#874,.T.);
#1170=ORIENTED_EDGE('',*,*,#877,.F.);
#1171=ORIENTED_EDGE('',*,*,#879,.F.);
#1172=ORIENTED_EDGE('',*,*,#880,.F.);
#1173=ORIENTED_EDGE('',*,*,#881,.F.);
#1174=ORIENTED_EDGE('',*,*,#882,.T.);
#1175=ORIENTED_EDGE('',*,*,#883,.T.);
#1176=ORIENTED_EDGE('',*,*,#884,.T.);
#1177=ORIENTED_EDGE('',*,*,#880,.T.);
#1178=ORIENTED_EDGE('',*,*,#883,.F.);
#1179=ORIENTED_EDGE('',*,*,#885,.F.);
#1180=ORIENTED_EDGE('',*,*,#886,.F.);
#1181=ORIENTED_EDGE('',*,*,#887,.F.);
#1182=ORIENTED_EDGE('',*,*,#888,.T.);
#1183=ORIENTED_EDGE('',*,*,#889,.T.);
#1184=ORIENTED_EDGE('',*,*,#890,.T.);
#1185=ORIENTED_EDGE('',*,*,#886,.T.);
#1186=ORIENTED_EDGE('',*,*,#872,.F.);
#1187=ORIENTED_EDGE('',*,*,#891,.F.);
#1188=ORIENTED_EDGE('',*,*,#889,.F.);
#1189=ORIENTED_EDGE('',*,*,#892,.F.);
#1190=ORIENTED_EDGE('',*,*,#893,.F.);
#1191=ORIENTED_EDGE('',*,*,#850,.F.);
#1192=ORIENTED_EDGE('',*,*,#894,.T.);
#1193=ORIENTED_EDGE('',*,*,#837,.F.);
#1194=ORIENTED_EDGE('',*,*,#881,.T.);
#1195=ORIENTED_EDGE('',*,*,#884,.F.);
#1196=ORIENTED_EDGE('',*,*,#887,.T.);
#1197=ORIENTED_EDGE('',*,*,#890,.F.);
#1198=ORIENTED_EDGE('',*,*,#891,.T.);
#1199=ORIENTED_EDGE('',*,*,#871,.F.);
#1200=ORIENTED_EDGE('',*,*,#875,.T.);
#1201=ORIENTED_EDGE('',*,*,#878,.F.);
#1202=ORIENTED_EDGE('',*,*,#894,.F.);
#1203=ORIENTED_EDGE('',*,*,#857,.F.);
#1204=ORIENTED_EDGE('',*,*,#895,.T.);
#1205=ORIENTED_EDGE('',*,*,#838,.F.);
#1206=ORIENTED_EDGE('',*,*,#867,.T.);
#1207=ORIENTED_EDGE('',*,*,#852,.F.);
#1208=ORIENTED_EDGE('',*,*,#896,.F.);
#1209=ORIENTED_EDGE('',*,*,#839,.F.);
#1210=ORIENTED_EDGE('',*,*,#895,.F.);
#1211=ORIENTED_EDGE('',*,*,#856,.F.);
#1212=ORIENTED_EDGE('',*,*,#865,.T.);
#1213=ORIENTED_EDGE('',*,*,#861,.T.);
#1214=ORIENTED_EDGE('',*,*,#846,.T.);
#1215=ORIENTED_EDGE('',*,*,#848,.T.);
#1216=ORIENTED_EDGE('',*,*,#849,.T.);
#1217=ORIENTED_EDGE('',*,*,#841,.T.);
#1218=ORIENTED_EDGE('',*,*,#844,.T.);
#1219=ORIENTED_EDGE('',*,*,#896,.T.);
#1220=ORIENTED_EDGE('',*,*,#851,.F.);
#1221=ORIENTED_EDGE('',*,*,#893,.T.);
#1222=ORIENTED_EDGE('',*,*,#836,.F.);
#1223=ORIENTED_EDGE('',*,*,#801,.F.);
#1224=ORIENTED_EDGE('',*,*,#835,.F.);
#1225=ORIENTED_EDGE('',*,*,#813,.F.);
#1226=ORIENTED_EDGE('',*,*,#805,.F.);
#1227=ORIENTED_EDGE('',*,*,#879,.T.);
#1228=ORIENTED_EDGE('',*,*,#876,.F.);
#1229=ORIENTED_EDGE('',*,*,#873,.T.);
#1230=ORIENTED_EDGE('',*,*,#869,.F.);
#1231=ORIENTED_EDGE('',*,*,#892,.T.);
#1232=ORIENTED_EDGE('',*,*,#888,.F.);
#1233=ORIENTED_EDGE('',*,*,#885,.T.);
#1234=ORIENTED_EDGE('',*,*,#882,.F.);
#1235=ORIENTED_EDGE('',*,*,#897,.T.);
#1236=ORIENTED_EDGE('',*,*,#898,.T.);
#1237=ORIENTED_EDGE('',*,*,#899,.T.);
#1238=ORIENTED_EDGE('',*,*,#900,.T.);
#1239=ORIENTED_EDGE('',*,*,#899,.F.);
#1240=ORIENTED_EDGE('',*,*,#901,.T.);
#1241=ORIENTED_EDGE('',*,*,#902,.F.);
#1242=ORIENTED_EDGE('',*,*,#903,.T.);
#1243=ORIENTED_EDGE('',*,*,#904,.F.);
#1244=ORIENTED_EDGE('',*,*,#905,.T.);
#1245=ORIENTED_EDGE('',*,*,#906,.F.);
#1246=ORIENTED_EDGE('',*,*,#907,.T.);
#1247=ORIENTED_EDGE('',*,*,#908,.T.);
#1248=ORIENTED_EDGE('',*,*,#909,.T.);
#1249=ORIENTED_EDGE('',*,*,#910,.T.);
#1250=ORIENTED_EDGE('',*,*,#911,.T.);
#1251=ORIENTED_EDGE('',*,*,#898,.F.);
#1252=ORIENTED_EDGE('',*,*,#912,.F.);
#1253=ORIENTED_EDGE('',*,*,#913,.F.);
#1254=ORIENTED_EDGE('',*,*,#901,.F.);
#1255=ORIENTED_EDGE('',*,*,#914,.T.);
#1256=ORIENTED_EDGE('',*,*,#915,.T.);
#1257=ORIENTED_EDGE('',*,*,#902,.T.);
#1258=ORIENTED_EDGE('',*,*,#913,.T.);
#1259=ORIENTED_EDGE('',*,*,#916,.T.);
#1260=ORIENTED_EDGE('',*,*,#917,.T.);
#1261=ORIENTED_EDGE('',*,*,#904,.T.);
#1262=ORIENTED_EDGE('',*,*,#918,.T.);
#1263=ORIENTED_EDGE('',*,*,#917,.F.);
#1264=ORIENTED_EDGE('',*,*,#919,.F.);
#1265=ORIENTED_EDGE('',*,*,#920,.F.);
#1266=ORIENTED_EDGE('',*,*,#905,.F.);
#1267=ORIENTED_EDGE('',*,*,#921,.T.);
#1268=ORIENTED_EDGE('',*,*,#922,.T.);
#1269=ORIENTED_EDGE('',*,*,#906,.T.);
#1270=ORIENTED_EDGE('',*,*,#920,.T.);
#1271=ORIENTED_EDGE('',*,*,#923,.T.);
#1272=ORIENTED_EDGE('',*,*,#924,.T.);
#1273=ORIENTED_EDGE('',*,*,#925,.T.);
#1274=ORIENTED_EDGE('',*,*,#926,.F.);
#1275=ORIENTED_EDGE('',*,*,#927,.T.);
#1276=ORIENTED_EDGE('',*,*,#928,.T.);
#1277=ORIENTED_EDGE('',*,*,#929,.T.);
#1278=ORIENTED_EDGE('',*,*,#924,.F.);
#1279=ORIENTED_EDGE('',*,*,#930,.T.);
#1280=ORIENTED_EDGE('',*,*,#931,.T.);
#1281=ORIENTED_EDGE('',*,*,#932,.T.);
#1282=ORIENTED_EDGE('',*,*,#928,.F.);
#1283=ORIENTED_EDGE('',*,*,#933,.T.);
#1284=ORIENTED_EDGE('',*,*,#931,.F.);
#1285=ORIENTED_EDGE('',*,*,#934,.T.);
#1286=ORIENTED_EDGE('',*,*,#926,.T.);
#1287=ORIENTED_EDGE('',*,*,#933,.F.);
#1288=ORIENTED_EDGE('',*,*,#935,.F.);
#1289=ORIENTED_EDGE('',*,*,#908,.F.);
#1290=ORIENTED_EDGE('',*,*,#936,.T.);
#1291=ORIENTED_EDGE('',*,*,#925,.F.);
#1292=ORIENTED_EDGE('',*,*,#937,.F.);
#1293=ORIENTED_EDGE('',*,*,#909,.F.);
#1294=ORIENTED_EDGE('',*,*,#935,.T.);
#1295=ORIENTED_EDGE('',*,*,#923,.F.);
#1296=ORIENTED_EDGE('',*,*,#934,.F.);
#1297=ORIENTED_EDGE('',*,*,#930,.F.);
#1298=ORIENTED_EDGE('',*,*,#927,.F.);
#1299=ORIENTED_EDGE('',*,*,#938,.T.);
#1300=ORIENTED_EDGE('',*,*,#939,.T.);
#1301=ORIENTED_EDGE('',*,*,#940,.T.);
#1302=ORIENTED_EDGE('',*,*,#941,.T.);
#1303=ORIENTED_EDGE('',*,*,#942,.F.);
#1304=ORIENTED_EDGE('',*,*,#943,.T.);
#1305=ORIENTED_EDGE('',*,*,#941,.F.);
#1306=ORIENTED_EDGE('',*,*,#944,.F.);
#1307=ORIENTED_EDGE('',*,*,#945,.F.);
#1308=ORIENTED_EDGE('',*,*,#944,.T.);
#1309=ORIENTED_EDGE('',*,*,#940,.F.);
#1310=ORIENTED_EDGE('',*,*,#946,.F.);
#1311=ORIENTED_EDGE('',*,*,#947,.F.);
#1312=ORIENTED_EDGE('',*,*,#946,.T.);
#1313=ORIENTED_EDGE('',*,*,#939,.F.);
#1314=ORIENTED_EDGE('',*,*,#948,.F.);
#1315=ORIENTED_EDGE('',*,*,#949,.F.);
#1316=ORIENTED_EDGE('',*,*,#948,.T.);
#1317=ORIENTED_EDGE('',*,*,#938,.F.);
#1318=ORIENTED_EDGE('',*,*,#943,.F.);
#1319=ORIENTED_EDGE('',*,*,#929,.F.);
#1320=ORIENTED_EDGE('',*,*,#950,.F.);
#1321=ORIENTED_EDGE('',*,*,#910,.F.);
#1322=ORIENTED_EDGE('',*,*,#937,.T.);
#1323=ORIENTED_EDGE('',*,*,#932,.F.);
#1324=ORIENTED_EDGE('',*,*,#936,.F.);
#1325=ORIENTED_EDGE('',*,*,#911,.F.);
#1326=ORIENTED_EDGE('',*,*,#950,.T.);
#1327=ORIENTED_EDGE('',*,*,#900,.F.);
#1328=ORIENTED_EDGE('',*,*,#907,.F.);
#1329=ORIENTED_EDGE('',*,*,#922,.F.);
#1330=ORIENTED_EDGE('',*,*,#951,.F.);
#1331=ORIENTED_EDGE('',*,*,#915,.F.);
#1332=ORIENTED_EDGE('',*,*,#952,.F.);
#1333=ORIENTED_EDGE('',*,*,#918,.F.);
#1334=ORIENTED_EDGE('',*,*,#903,.F.);
#1335=ORIENTED_EDGE('',*,*,#897,.F.);
#1336=ORIENTED_EDGE('',*,*,#951,.T.);
#1337=ORIENTED_EDGE('',*,*,#921,.F.);
#1338=ORIENTED_EDGE('',*,*,#919,.T.);
#1339=ORIENTED_EDGE('',*,*,#916,.F.);
#1340=ORIENTED_EDGE('',*,*,#952,.T.);
#1341=ORIENTED_EDGE('',*,*,#914,.F.);
#1342=ORIENTED_EDGE('',*,*,#912,.T.);
#1343=ORIENTED_EDGE('',*,*,#942,.T.);
#1344=ORIENTED_EDGE('',*,*,#945,.T.);
#1345=ORIENTED_EDGE('',*,*,#947,.T.);
#1346=ORIENTED_EDGE('',*,*,#949,.T.);
#1347=CYLINDRICAL_SURFACE('',#1457,1.);
#1348=CYLINDRICAL_SURFACE('',#1463,1.);
#1349=CYLINDRICAL_SURFACE('',#1479,1.);
#1350=CYLINDRICAL_SURFACE('',#1487,1.);
#1351=CYLINDRICAL_SURFACE('',#1490,1.);
#1352=CYLINDRICAL_SURFACE('',#1492,1.);
#1353=CYLINDRICAL_SURFACE('',#1501,1.25);
#1354=CYLINDRICAL_SURFACE('',#1512,0.8);
#1355=CYLINDRICAL_SURFACE('',#1516,0.8);
#1356=CYLINDRICAL_SURFACE('',#1520,0.8);
#1357=CYLINDRICAL_SURFACE('',#1524,0.8);
#1358=CYLINDRICAL_SURFACE('',#1533,1.);
#1359=CYLINDRICAL_SURFACE('',#1541,1.);
#1360=CYLINDRICAL_SURFACE('',#1543,1.);
#1361=CYLINDRICAL_SURFACE('',#1546,1.);
#1362=ADVANCED_FACE('',(#95),#1347,.T.);
#1363=ADVANCED_FACE('',(#96),#32,.T.);
#1364=ADVANCED_FACE('',(#97),#33,.T.);
#1365=ADVANCED_FACE('',(#98),#1348,.T.);
#1366=ADVANCED_FACE('',(#99),#34,.T.);
#1367=ADVANCED_FACE('',(#100),#35,.T.);
#1368=ADVANCED_FACE('',(#101),#36,.T.);
#1369=ADVANCED_FACE('',(#102),#37,.T.);
#1370=ADVANCED_FACE('',(#103),#38,.T.);
#1371=ADVANCED_FACE('',(#104),#39,.T.);
#1372=ADVANCED_FACE('',(#105),#40,.T.);
#1373=ADVANCED_FACE('',(#106),#41,.T.);
#1374=ADVANCED_FACE('',(#107),#42,.T.);
#1375=ADVANCED_FACE('',(#108),#43,.T.);
#1376=ADVANCED_FACE('',(#109),#44,.T.);
#1377=ADVANCED_FACE('',(#110),#45,.T.);
#1378=ADVANCED_FACE('',(#111),#46,.T.);
#1379=ADVANCED_FACE('',(#112),#47,.F.);
#1380=ADVANCED_FACE('',(#113),#1349,.T.);
#1381=ADVANCED_FACE('',(#114),#48,.T.);
#1382=ADVANCED_FACE('',(#115),#49,.T.);
#1383=ADVANCED_FACE('',(#116),#1350,.T.);
#1384=ADVANCED_FACE('',(#117),#50,.T.);
#1385=ADVANCED_FACE('',(#118),#1351,.T.);
#1386=ADVANCED_FACE('',(#119),#1352,.T.);
#1387=ADVANCED_FACE('',(#120),#51,.T.);
#1388=ADVANCED_FACE('',(#121),#52,.T.);
#1389=ADVANCED_FACE('',(#122,#13,#14,#15),#53,.F.);
#1390=ADVANCED_FACE('',(#123,#16),#54,.T.);
#1391=ADVANCED_FACE('',(#124),#55,.F.);
#1392=ADVANCED_FACE('',(#125),#56,.F.);
#1393=ADVANCED_FACE('',(#126),#1353,.F.);
#1394=ADVANCED_FACE('',(#127),#57,.F.);
#1395=ADVANCED_FACE('',(#128),#58,.F.);
#1396=ADVANCED_FACE('',(#129),#59,.F.);
#1397=ADVANCED_FACE('',(#130),#60,.T.);
#1398=ADVANCED_FACE('',(#131),#61,.T.);
#1399=ADVANCED_FACE('',(#132),#62,.T.);
#1400=ADVANCED_FACE('',(#133),#63,.T.);
#1401=ADVANCED_FACE('',(#134),#64,.T.);
#1402=ADVANCED_FACE('',(#135,#17),#65,.T.);
#1403=ADVANCED_FACE('',(#136),#1354,.F.);
#1404=ADVANCED_FACE('',(#137),#66,.F.);
#1405=ADVANCED_FACE('',(#138),#1355,.F.);
#1406=ADVANCED_FACE('',(#139),#67,.F.);
#1407=ADVANCED_FACE('',(#140),#1356,.F.);
#1408=ADVANCED_FACE('',(#141),#68,.F.);
#1409=ADVANCED_FACE('',(#142),#1357,.F.);
#1410=ADVANCED_FACE('',(#143),#69,.F.);
#1411=ADVANCED_FACE('',(#144,#18),#70,.T.);
#1412=ADVANCED_FACE('',(#145),#71,.T.);
#1413=ADVANCED_FACE('',(#146,#19,#20),#72,.T.);
#1414=ADVANCED_FACE('',(#147),#73,.T.);
#1415=ADVANCED_FACE('',(#148,#21),#74,.T.);
#1416=ADVANCED_FACE('',(#149),#1358,.T.);
#1417=ADVANCED_FACE('',(#150,#22),#75,.F.);
#1418=ADVANCED_FACE('',(#151),#76,.T.);
#1419=ADVANCED_FACE('',(#152),#1359,.T.);
#1420=ADVANCED_FACE('',(#153),#1360,.T.);
#1421=ADVANCED_FACE('',(#154),#77,.T.);
#1422=ADVANCED_FACE('',(#155),#1361,.T.);
#1423=ADVANCED_FACE('',(#156),#78,.T.);
#1424=ADVANCED_FACE('',(#157),#79,.T.);
#1425=ADVANCED_FACE('',(#158),#80,.T.);
#1426=ADVANCED_FACE('',(#159),#81,.T.);
#1427=ADVANCED_FACE('',(#160),#82,.T.);
#1428=ADVANCED_FACE('',(#161),#83,.T.);
#1429=ADVANCED_FACE('',(#162,#23),#84,.T.);
#1430=ADVANCED_FACE('',(#163),#85,.T.);
#1431=ADVANCED_FACE('',(#164),#86,.T.);
#1432=ADVANCED_FACE('',(#165),#87,.T.);
#1433=ADVANCED_FACE('',(#166),#88,.T.);
#1434=ADVANCED_FACE('',(#167),#89,.T.);
#1435=ADVANCED_FACE('',(#168),#90,.T.);
#1436=ADVANCED_FACE('',(#169),#91,.T.);
#1437=ADVANCED_FACE('',(#170),#92,.T.);
#1438=ADVANCED_FACE('',(#171),#93,.T.);
#1439=ADVANCED_FACE('',(#172),#94,.F.);
#1440=CLOSED_SHELL('',(#1362,#1363,#1364,#1365,#1366,#1367,#1368,#1369,
#1370,#1371,#1372,#1373));
#1441=CLOSED_SHELL('',(#1374,#1375,#1376,#1377,#1378,#1379));
#1442=CLOSED_SHELL('',(#1380,#1381,#1382,#1383,#1384,#1385,#1386,#1387,
#1388,#1389,#1390,#1391,#1392,#1393,#1394,#1395,#1396,#1397,#1398,#1399,
#1400,#1401,#1402,#1403,#1404,#1405,#1406,#1407,#1408,#1409,#1410,#1411,
#1412,#1413,#1414,#1415));
#1443=CLOSED_SHELL('',(#1416,#1417,#1418,#1419,#1420,#1421,#1422,#1423,
#1424,#1425,#1426,#1427,#1428,#1429,#1430,#1431,#1432,#1433,#1434,#1435,
#1436,#1437,#1438,#1439));
#1444=DERIVED_UNIT_ELEMENT(#1446,1.);
#1445=DERIVED_UNIT_ELEMENT(#2361,-3.);
#1446=(
MASS_UNIT()
NAMED_UNIT(*)
SI_UNIT(.KILO.,.GRAM.)
);
#1447=DERIVED_UNIT((#1444,#1445));
#1448=MEASURE_REPRESENTATION_ITEM('density measure',
POSITIVE_RATIO_MEASURE(7850.),#1447);
#1449=PROPERTY_DEFINITION_REPRESENTATION(#1454,#1451);
#1450=PROPERTY_DEFINITION_REPRESENTATION(#1455,#1452);
#1451=REPRESENTATION('material name',(#1453),#2358);
#1452=REPRESENTATION('density',(#1448),#2358);
#1453=DESCRIPTIVE_REPRESENTATION_ITEM('Steel','Steel');
#1454=PROPERTY_DEFINITION('material property','material name',#2368);
#1455=PROPERTY_DEFINITION('material property','density of part',#2368);
#1456=AXIS2_PLACEMENT_3D('',#1950,#1565,#1566);
#1457=AXIS2_PLACEMENT_3D('',#1951,#1567,#1568);
#1458=AXIS2_PLACEMENT_3D('',#1954,#1569,#1570);
#1459=AXIS2_PLACEMENT_3D('',#1958,#1572,#1573);
#1460=AXIS2_PLACEMENT_3D('',#1960,#1575,#1576);
#1461=AXIS2_PLACEMENT_3D('',#1964,#1578,#1579);
#1462=AXIS2_PLACEMENT_3D('',#1978,#1587,#1588);
#1463=AXIS2_PLACEMENT_3D('',#1982,#1591,#1592);
#1464=AXIS2_PLACEMENT_3D('',#1984,#1593,#1594);
#1465=AXIS2_PLACEMENT_3D('',#1986,#1596,#1597);
#1466=AXIS2_PLACEMENT_3D('',#1992,#1601,#1602);
#1467=AXIS2_PLACEMENT_3D('',#1998,#1606,#1607);
#1468=AXIS2_PLACEMENT_3D('',#2001,#1610,#1611);
#1469=AXIS2_PLACEMENT_3D('',#2007,#1615,#1616);
#1470=AXIS2_PLACEMENT_3D('',#2008,#1617,#1618);
#1471=AXIS2_PLACEMENT_3D('',#2010,#1620,#1621);
#1472=AXIS2_PLACEMENT_3D('',#2012,#1623,#1624);
#1473=AXIS2_PLACEMENT_3D('',#2013,#1625,#1626);
#1474=AXIS2_PLACEMENT_3D('',#2022,#1631,#1632);
#1475=AXIS2_PLACEMENT_3D('',#2028,#1636,#1637);
#1476=AXIS2_PLACEMENT_3D('',#2034,#1641,#1642);
#1477=AXIS2_PLACEMENT_3D('',#2037,#1645,#1646);
#1478=AXIS2_PLACEMENT_3D('',#2038,#1647,#1648);
#1479=AXIS2_PLACEMENT_3D('',#2039,#1649,#1650);
#1480=AXIS2_PLACEMENT_3D('',#2042,#1651,#1652);
#1481=AXIS2_PLACEMENT_3D('',#2046,#1654,#1655);
#1482=AXIS2_PLACEMENT_3D('',#2048,#1657,#1658);
#1483=AXIS2_PLACEMENT_3D('',#2054,#1662,#1663);
#1484=AXIS2_PLACEMENT_3D('',#2058,#1665,#1666);
#1485=AXIS2_PLACEMENT_3D('',#2062,#1668,#1669);
#1486=AXIS2_PLACEMENT_3D('',#2065,#1671,#1672);
#1487=AXIS2_PLACEMENT_3D('',#2066,#1673,#1674);
#1488=AXIS2_PLACEMENT_3D('',#2069,#1675,#1676);
#1489=AXIS2_PLACEMENT_3D('',#2072,#1679,#1680);
#1490=AXIS2_PLACEMENT_3D('',#2076,#1683,#1684);
#1491=AXIS2_PLACEMENT_3D('',#2078,#1685,#1686);
#1492=AXIS2_PLACEMENT_3D('',#2080,#1688,#1689);
#1493=AXIS2_PLACEMENT_3D('',#2082,#1690,#1691);
#1494=AXIS2_PLACEMENT_3D('',#2084,#1693,#1694);
#1495=AXIS2_PLACEMENT_3D('',#2093,#1699,#1700);
#1496=AXIS2_PLACEMENT_3D('',#2099,#1704,#1705);
#1497=AXIS2_PLACEMENT_3D('',#2105,#1709,#1710);
#1498=AXIS2_PLACEMENT_3D('',#2114,#1715,#1716);
#1499=AXIS2_PLACEMENT_3D('',#2124,#1722,#1723);
#1500=AXIS2_PLACEMENT_3D('',#2130,#1727,#1728);
#1501=AXIS2_PLACEMENT_3D('',#2134,#1731,#1732);
#1502=AXIS2_PLACEMENT_3D('',#2137,#1734,#1735);
#1503=AXIS2_PLACEMENT_3D('',#2138,#1736,#1737);
#1504=AXIS2_PLACEMENT_3D('',#2142,#1740,#1741);
#1505=AXIS2_PLACEMENT_3D('',#2144,#1743,#1744);
#1506=AXIS2_PLACEMENT_3D('',#2161,#1753,#1754);
#1507=AXIS2_PLACEMENT_3D('',#2165,#1757,#1758);
#1508=AXIS2_PLACEMENT_3D('',#2167,#1760,#1761);
#1509=AXIS2_PLACEMENT_3D('',#2176,#1766,#1767);
#1510=AXIS2_PLACEMENT_3D('',#2179,#1770,#1771);
#1511=AXIS2_PLACEMENT_3D('',#2182,#1774,#1775);
#1512=AXIS2_PLACEMENT_3D('',#2183,#1776,#1777);
#1513=AXIS2_PLACEMENT_3D('',#2186,#1778,#1779);
#1514=AXIS2_PLACEMENT_3D('',#2190,#1781,#1782);
#1515=AXIS2_PLACEMENT_3D('',#2192,#1784,#1785);
#1516=AXIS2_PLACEMENT_3D('',#2198,#1789,#1790);
#1517=AXIS2_PLACEMENT_3D('',#2200,#1791,#1792);
#1518=AXIS2_PLACEMENT_3D('',#2203,#1794,#1795);
#1519=AXIS2_PLACEMENT_3D('',#2204,#1796,#1797);
#1520=AXIS2_PLACEMENT_3D('',#2210,#1801,#1802);
#1521=AXIS2_PLACEMENT_3D('',#2212,#1803,#1804);
#1522=AXIS2_PLACEMENT_3D('',#2215,#1806,#1807);
#1523=AXIS2_PLACEMENT_3D('',#2216,#1808,#1809);
#1524=AXIS2_PLACEMENT_3D('',#2222,#1813,#1814);
#1525=AXIS2_PLACEMENT_3D('',#2224,#1815,#1816);
#1526=AXIS2_PLACEMENT_3D('',#2227,#1818,#1819);
#1527=AXIS2_PLACEMENT_3D('',#2228,#1820,#1821);
#1528=AXIS2_PLACEMENT_3D('',#2231,#1824,#1825);
#1529=AXIS2_PLACEMENT_3D('',#2234,#1828,#1829);
#1530=AXIS2_PLACEMENT_3D('',#2236,#1831,#1832);
#1531=AXIS2_PLACEMENT_3D('',#2238,#1834,#1835);
#1532=AXIS2_PLACEMENT_3D('',#2239,#1836,#1837);
#1533=AXIS2_PLACEMENT_3D('',#2240,#1838,#1839);
#1534=AXIS2_PLACEMENT_3D('',#2243,#1840,#1841);
#1535=AXIS2_PLACEMENT_3D('',#2247,#1843,#1844);
#1536=AXIS2_PLACEMENT_3D('',#2249,#1846,#1847);
#1537=AXIS2_PLACEMENT_3D('',#2253,#1849,#1850);
#1538=AXIS2_PLACEMENT_3D('',#2257,#1852,#1853);
#1539=AXIS2_PLACEMENT_3D('',#2261,#1855,#1856);
#1540=AXIS2_PLACEMENT_3D('',#2271,#1862,#1863);
#1541=AXIS2_PLACEMENT_3D('',#2275,#1866,#1867);
#1542=AXIS2_PLACEMENT_3D('',#2277,#1868,#1869);
#1543=AXIS2_PLACEMENT_3D('',#2279,#1871,#1872);
#1544=AXIS2_PLACEMENT_3D('',#2282,#1873,#1874);
#1545=AXIS2_PLACEMENT_3D('',#2285,#1877,#1878);
#1546=AXIS2_PLACEMENT_3D('',#2289,#1881,#1882);
#1547=AXIS2_PLACEMENT_3D('',#2291,#1883,#1884);
#1548=AXIS2_PLACEMENT_3D('',#2293,#1886,#1887);
#1549=AXIS2_PLACEMENT_3D('',#2302,#1892,#1893);
#1550=AXIS2_PLACEMENT_3D('',#2308,#1897,#1898);
#1551=AXIS2_PLACEMENT_3D('',#2314,#1902,#1903);
#1552=AXIS2_PLACEMENT_3D('',#2317,#1906,#1907);
#1553=AXIS2_PLACEMENT_3D('',#2320,#1910,#1911);
#1554=AXIS2_PLACEMENT_3D('',#2322,#1913,#1914);
#1555=AXIS2_PLACEMENT_3D('',#2331,#1919,#1920);
#1556=AXIS2_PLACEMENT_3D('',#2337,#1924,#1925);
#1557=AXIS2_PLACEMENT_3D('',#2341,#1928,#1929);
#1558=AXIS2_PLACEMENT_3D('',#2345,#1932,#1933);
#1559=AXIS2_PLACEMENT_3D('',#2347,#1935,#1936);
#1560=AXIS2_PLACEMENT_3D('',#2349,#1938,#1939);
#1561=AXIS2_PLACEMENT_3D('',#2350,#1940,#1941);
#1562=AXIS2_PLACEMENT_3D('',#2352,#1943,#1944);
#1563=AXIS2_PLACEMENT_3D('',#2354,#1946,#1947);
#1564=AXIS2_PLACEMENT_3D('',#2355,#1948,#1949);
#1565=DIRECTION('axis',(0.,0.,1.));
#1566=DIRECTION('refdir',(1.,0.,0.));
#1567=DIRECTION('center_axis',(1.,0.,0.));
#1568=DIRECTION('ref_axis',(0.,0.707106781186547,0.707106781186548));
#1569=DIRECTION('center_axis',(-1.,0.,0.));
#1570=DIRECTION('ref_axis',(0.,0.707106781186547,0.707106781186548));
#1571=DIRECTION('',(-1.,0.,0.));
#1572=DIRECTION('center_axis',(1.,0.,0.));
#1573=DIRECTION('ref_axis',(0.,0.707106781186547,0.707106781186548));
#1574=DIRECTION('',(1.,0.,0.));
#1575=DIRECTION('center_axis',(-1.,0.,0.));
#1576=DIRECTION('ref_axis',(0.,0.,-1.));
#1577=DIRECTION('',(0.,0.,1.));
#1578=DIRECTION('center_axis',(1.,0.,0.));
#1579=DIRECTION('ref_axis',(0.,0.707106781186547,-0.707106781186548));
#1580=DIRECTION('',(0.,1.,0.));
#1581=DIRECTION('',(0.,0.,1.));
#1582=DIRECTION('',(0.,-1.,0.));
#1583=DIRECTION('',(0.,0.,-1.));
#1584=DIRECTION('',(0.,-1.,0.));
#1585=DIRECTION('',(0.,0.,-1.));
#1586=DIRECTION('',(0.,1.,0.));
#1587=DIRECTION('center_axis',(0.,1.,0.));
#1588=DIRECTION('ref_axis',(0.,0.,1.));
#1589=DIRECTION('',(0.,0.,-1.));
#1590=DIRECTION('',(1.,0.,0.));
#1591=DIRECTION('center_axis',(-1.,0.,0.));
#1592=DIRECTION('ref_axis',(0.,0.707106781186547,-0.707106781186548));
#1593=DIRECTION('center_axis',(-1.,0.,0.));
#1594=DIRECTION('ref_axis',(0.,0.707106781186547,-0.707106781186548));
#1595=DIRECTION('',(-1.,0.,0.));
#1596=DIRECTION('center_axis',(0.,0.,1.));
#1597=DIRECTION('ref_axis',(-1.,0.,0.));
#1598=DIRECTION('',(-1.,0.,0.));
#1599=DIRECTION('',(-1.,0.,0.));
#1600=DIRECTION('',(0.,-1.,0.));
#1601=DIRECTION('center_axis',(1.,0.,0.));
#1602=DIRECTION('ref_axis',(0.,0.,1.));
#1603=DIRECTION('',(0.,0.,1.));
#1604=DIRECTION('',(0.,0.,1.));
#1605=DIRECTION('',(0.,-1.,0.));
#1606=DIRECTION('center_axis',(0.,0.,-1.));
#1607=DIRECTION('ref_axis',(1.,0.,0.));
#1608=DIRECTION('',(1.,0.,0.));
#1609=DIRECTION('',(1.,0.,0.));
#1610=DIRECTION('center_axis',(0.,1.,0.));
#1611=DIRECTION('ref_axis',(1.,0.,0.));
#1612=DIRECTION('',(1.,0.,0.));
#1613=DIRECTION('',(0.,0.,1.));
#1614=DIRECTION('',(-1.,0.,0.));
#1615=DIRECTION('center_axis',(0.,-1.,0.));
#1616=DIRECTION('ref_axis',(0.,0.,-1.));
#1617=DIRECTION('center_axis',(0.,0.,-1.));
#1618=DIRECTION('ref_axis',(-1.,0.,0.));
#1619=DIRECTION('',(0.,1.,0.));
#1620=DIRECTION('center_axis',(1.,0.,0.));
#1621=DIRECTION('ref_axis',(0.,0.,-1.));
#1622=DIRECTION('',(0.,1.,0.));
#1623=DIRECTION('center_axis',(0.,0.,1.));
#1624=DIRECTION('ref_axis',(1.,0.,0.));
#1625=DIRECTION('center_axis',(-1.,0.,0.));
#1626=DIRECTION('ref_axis',(0.,0.,1.));
#1627=DIRECTION('',(0.,0.,-1.));
#1628=DIRECTION('',(0.,1.,0.));
#1629=DIRECTION('',(0.,0.,1.));
#1630=DIRECTION('',(0.,1.,0.));
#1631=DIRECTION('center_axis',(0.,0.,-1.));
#1632=DIRECTION('ref_axis',(-1.,0.,0.));
#1633=DIRECTION('',(1.,0.,0.));
#1634=DIRECTION('',(-1.,0.,0.));
#1635=DIRECTION('',(0.,1.,0.));
#1636=DIRECTION('center_axis',(1.,0.,0.));
#1637=DIRECTION('ref_axis',(0.,0.,-1.));
#1638=DIRECTION('',(0.,0.,1.));
#1639=DIRECTION('',(0.,0.,-1.));
#1640=DIRECTION('',(0.,1.,0.));
#1641=DIRECTION('center_axis',(0.,0.,1.));
#1642=DIRECTION('ref_axis',(1.,0.,0.));
#1643=DIRECTION('',(-1.,0.,0.));
#1644=DIRECTION('',(1.,0.,0.));
#1645=DIRECTION('center_axis',(0.,1.,0.));
#1646=DIRECTION('ref_axis',(0.,0.,1.));
#1647=DIRECTION('center_axis',(0.,1.,0.));
#1648=DIRECTION('ref_axis',(1.,0.,0.));
#1649=DIRECTION('center_axis',(0.,-1.,0.));
#1650=DIRECTION('ref_axis',(-0.707106781186549,0.,0.707106781186546));
#1651=DIRECTION('center_axis',(0.,1.,0.));
#1652=DIRECTION('ref_axis',(-0.707106781186549,0.,0.707106781186546));
#1653=DIRECTION('',(0.,1.,0.));
#1654=DIRECTION('center_axis',(0.,-1.,0.));
#1655=DIRECTION('ref_axis',(-0.707106781186549,0.,0.707106781186546));
#1656=DIRECTION('',(0.,-1.,0.));
#1657=DIRECTION('center_axis',(0.,0.,1.));
#1658=DIRECTION('ref_axis',(-1.,0.,0.));
#1659=DIRECTION('',(-1.,0.,0.));
#1660=DIRECTION('',(0.,-1.,0.));
#1661=DIRECTION('',(1.,0.,0.));
#1662=DIRECTION('center_axis',(0.,-1.,0.));
#1663=DIRECTION('ref_axis',(0.,0.,-1.));
#1664=DIRECTION('',(0.,0.,-1.));
#1665=DIRECTION('center_axis',(0.,1.,0.));
#1666=DIRECTION('ref_axis',(-0.707106781186549,0.,-0.707106781186546));
#1667=DIRECTION('',(1.,0.,0.));
#1668=DIRECTION('center_axis',(0.,1.,0.));
#1669=DIRECTION('ref_axis',(0.707106781186546,0.,-0.707106781186549));
#1670=DIRECTION('',(0.,0.,1.));
#1671=DIRECTION('center_axis',(0.,1.,0.));
#1672=DIRECTION('ref_axis',(0.707106781186548,0.,0.707106781186548));
#1673=DIRECTION('center_axis',(0.,1.,0.));
#1674=DIRECTION('ref_axis',(-0.707106781186549,0.,-0.707106781186546));
#1675=DIRECTION('center_axis',(0.,-1.,0.));
#1676=DIRECTION('ref_axis',(-0.707106781186549,0.,-0.707106781186546));
#1677=DIRECTION('',(0.,-1.,0.));
#1678=DIRECTION('',(0.,1.,0.));
#1679=DIRECTION('center_axis',(0.,0.,-1.));
#1680=DIRECTION('ref_axis',(1.,0.,0.));
#1681=DIRECTION('',(-1.,0.,0.));
#1682=DIRECTION('',(0.,1.,0.));
#1683=DIRECTION('center_axis',(0.,-1.,0.));
#1684=DIRECTION('ref_axis',(0.707106781186546,0.,-0.707106781186549));
#1685=DIRECTION('center_axis',(0.,-1.,0.));
#1686=DIRECTION('ref_axis',(0.707106781186546,0.,-0.707106781186549));
#1687=DIRECTION('',(0.,-1.,0.));
#1688=DIRECTION('center_axis',(0.,1.,0.));
#1689=DIRECTION('ref_axis',(0.707106781186548,0.,0.707106781186548));
#1690=DIRECTION('center_axis',(0.,-1.,0.));
#1691=DIRECTION('ref_axis',(0.707106781186548,0.,0.707106781186548));
#1692=DIRECTION('',(0.,1.,0.));
#1693=DIRECTION('center_axis',(0.,1.,0.));
#1694=DIRECTION('ref_axis',(0.,0.,-1.));
#1695=DIRECTION('',(0.,0.,-1.));
#1696=DIRECTION('',(-1.,0.,0.));
#1697=DIRECTION('',(0.,0.,-1.));
#1698=DIRECTION('',(-1.,0.,0.));
#1699=DIRECTION('center_axis',(0.,0.,1.));
#1700=DIRECTION('ref_axis',(0.,1.,0.));
#1701=DIRECTION('',(0.,1.,0.));
#1702=DIRECTION('',(-1.,0.,0.));
#1703=DIRECTION('',(0.,1.,0.));
#1704=DIRECTION('center_axis',(-1.,0.,0.));
#1705=DIRECTION('ref_axis',(0.,0.,1.));
#1706=DIRECTION('',(0.,0.,-1.));
#1707=DIRECTION('',(0.,-1.,0.));
#1708=DIRECTION('',(0.,0.,1.));
#1709=DIRECTION('center_axis',(1.,0.,0.));
#1710=DIRECTION('ref_axis',(0.,0.,-1.));
#1711=DIRECTION('',(0.,1.,0.));
#1712=DIRECTION('',(0.,0.,-1.));
#1713=DIRECTION('',(0.,-1.,0.));
#1714=DIRECTION('',(0.,0.,1.));
#1715=DIRECTION('center_axis',(0.,1.,0.));
#1716=DIRECTION('ref_axis',(0.,0.,1.));
#1717=DIRECTION('',(0.,0.,1.));
#1718=DIRECTION('',(-1.,0.,0.));
#1719=DIRECTION('',(0.,0.,-1.));
#1720=DIRECTION('',(1.,0.,0.));
#1721=DIRECTION('',(0.,0.,1.));
#1722=DIRECTION('center_axis',(0.,0.,1.));
#1723=DIRECTION('ref_axis',(0.,1.,0.));
#1724=DIRECTION('',(-1.,0.,0.));
#1725=DIRECTION('',(0.,-1.,0.));
#1726=DIRECTION('',(-1.,0.,0.));
#1727=DIRECTION('center_axis',(0.,-1.,0.));
#1728=DIRECTION('ref_axis',(0.,0.,1.));
#1729=DIRECTION('',(-1.,0.,0.));
#1730=DIRECTION('',(0.,0.,-1.));
#1731=DIRECTION('center_axis',(-1.,0.,0.));
#1732=DIRECTION('ref_axis',(0.,0.,-1.));
#1733=DIRECTION('',(-1.,0.,0.));
#1734=DIRECTION('center_axis',(1.,0.,0.));
#1735=DIRECTION('ref_axis',(0.,0.,-1.));
#1736=DIRECTION('center_axis',(0.,0.,-1.));
#1737=DIRECTION('ref_axis',(0.,-1.,0.));
#1738=DIRECTION('',(-1.,0.,0.));
#1739=DIRECTION('',(0.,1.,0.));
#1740=DIRECTION('center_axis',(0.,1.,0.));
#1741=DIRECTION('ref_axis',(0.,0.,-1.));
#1742=DIRECTION('',(0.,0.,1.));
#1743=DIRECTION('center_axis',(0.,-1.,0.));
#1744=DIRECTION('ref_axis',(1.,0.,0.));
#1745=DIRECTION('',(0.,0.,1.));
#1746=DIRECTION('',(1.,0.,0.));
#1747=DIRECTION('',(0.,0.,-1.));
#1748=DIRECTION('',(-1.,0.,0.));
#1749=DIRECTION('',(0.,0.,1.));
#1750=DIRECTION('',(-1.,0.,0.));
#1751=DIRECTION('',(0.,0.,-1.));
#1752=DIRECTION('',(-1.,0.,0.));
#1753=DIRECTION('center_axis',(0.,-1.,0.));
#1754=DIRECTION('ref_axis',(0.,0.,1.));
#1755=DIRECTION('',(-1.,0.,0.));
#1756=DIRECTION('',(0.,0.,1.));
#1757=DIRECTION('center_axis',(0.,0.,-1.));
#1758=DIRECTION('ref_axis',(0.,-1.,0.));
#1759=DIRECTION('',(0.,-1.,0.));
#1760=DIRECTION('center_axis',(0.,1.,0.));
#1761=DIRECTION('ref_axis',(0.,0.,-1.));
#1762=DIRECTION('',(0.,0.,1.));
#1763=DIRECTION('',(-1.,0.,0.));
#1764=DIRECTION('',(0.,0.,-1.));
#1765=DIRECTION('',(-1.,0.,0.));
#1766=DIRECTION('center_axis',(0.,0.,-1.));
#1767=DIRECTION('ref_axis',(0.,-1.,0.));
#1768=DIRECTION('',(0.,1.,0.));
#1769=DIRECTION('',(0.,-1.,0.));
#1770=DIRECTION('center_axis',(0.,0.,1.));
#1771=DIRECTION('ref_axis',(0.,1.,0.));
#1772=DIRECTION('',(0.,-1.,0.));
#1773=DIRECTION('',(0.,1.,0.));
#1774=DIRECTION('center_axis',(-1.,0.,0.));
#1775=DIRECTION('ref_axis',(0.,0.,1.));
#1776=DIRECTION('center_axis',(1.,0.,0.));
#1777=DIRECTION('ref_axis',(0.,-0.707106781186547,-0.707106781186548));
#1778=DIRECTION('center_axis',(-1.,0.,0.));
#1779=DIRECTION('ref_axis',(0.,-0.707106781186547,-0.707106781186548));
#1780=DIRECTION('',(1.,0.,0.));
#1781=DIRECTION('center_axis',(1.,0.,0.));
#1782=DIRECTION('ref_axis',(0.,-0.707106781186547,-0.707106781186548));
#1783=DIRECTION('',(-1.,0.,0.));
#1784=DIRECTION('center_axis',(0.,-1.,0.));
#1785=DIRECTION('ref_axis',(0.,0.,-1.));
#1786=DIRECTION('',(0.,0.,-1.));
#1787=DIRECTION('',(-1.,0.,0.));
#1788=DIRECTION('',(0.,0.,1.));
#1789=DIRECTION('center_axis',(1.,0.,0.));
#1790=DIRECTION('ref_axis',(0.,-0.707106781186547,0.707106781186548));
#1791=DIRECTION('center_axis',(-1.,0.,0.));
#1792=DIRECTION('ref_axis',(0.,-0.707106781186547,0.707106781186548));
#1793=DIRECTION('',(1.,0.,0.));
#1794=DIRECTION('center_axis',(1.,0.,0.));
#1795=DIRECTION('ref_axis',(0.,-0.707106781186547,0.707106781186548));
#1796=DIRECTION('center_axis',(0.,0.,1.));
#1797=DIRECTION('ref_axis',(0.,-1.,0.));
#1798=DIRECTION('',(0.,-1.,0.));
#1799=DIRECTION('',(-1.,0.,0.));
#1800=DIRECTION('',(0.,1.,0.));
#1801=DIRECTION('center_axis',(1.,0.,0.));
#1802=DIRECTION('ref_axis',(0.,0.707106781186547,0.707106781186548));
#1803=DIRECTION('center_axis',(-1.,0.,0.));
#1804=DIRECTION('ref_axis',(0.,0.707106781186547,0.707106781186548));
#1805=DIRECTION('',(1.,0.,0.));
#1806=DIRECTION('center_axis',(1.,0.,0.));
#1807=DIRECTION('ref_axis',(0.,0.707106781186547,0.707106781186548));
#1808=DIRECTION('center_axis',(0.,1.,0.));
#1809=DIRECTION('ref_axis',(0.,0.,1.));
#1810=DIRECTION('',(0.,0.,1.));
#1811=DIRECTION('',(-1.,0.,0.));
#1812=DIRECTION('',(0.,0.,-1.));
#1813=DIRECTION('center_axis',(1.,0.,0.));
#1814=DIRECTION('ref_axis',(0.,0.707106781186547,-0.707106781186548));
#1815=DIRECTION('center_axis',(-1.,0.,0.));
#1816=DIRECTION('ref_axis',(0.,0.707106781186547,-0.707106781186548));
#1817=DIRECTION('',(1.,0.,0.));
#1818=DIRECTION('center_axis',(1.,0.,0.));
#1819=DIRECTION('ref_axis',(0.,0.707106781186547,-0.707106781186548));
#1820=DIRECTION('center_axis',(0.,0.,-1.));
#1821=DIRECTION('ref_axis',(0.,1.,0.));
#1822=DIRECTION('',(0.,-1.,0.));
#1823=DIRECTION('',(0.,1.,0.));
#1824=DIRECTION('center_axis',(1.,0.,0.));
#1825=DIRECTION('ref_axis',(0.,0.,1.));
#1826=DIRECTION('',(0.,1.,0.));
#1827=DIRECTION('',(0.,1.,0.));
#1828=DIRECTION('center_axis',(0.,0.,1.));
#1829=DIRECTION('ref_axis',(-1.,0.,0.));
#1830=DIRECTION('',(0.,1.,0.));
#1831=DIRECTION('center_axis',(-1.,0.,0.));
#1832=DIRECTION('ref_axis',(0.,0.,-1.));
#1833=DIRECTION('',(0.,-1.,0.));
#1834=DIRECTION('center_axis',(0.,0.,-1.));
#1835=DIRECTION('ref_axis',(1.,0.,0.));
#1836=DIRECTION('center_axis',(-1.,0.,0.));
#1837=DIRECTION('ref_axis',(0.,0.,-1.));
#1838=DIRECTION('center_axis',(0.,1.,0.));
#1839=DIRECTION('ref_axis',(-0.707106781186549,0.,0.707106781186546));
#1840=DIRECTION('center_axis',(0.,-1.,0.));
#1841=DIRECTION('ref_axis',(-0.707106781186549,0.,0.707106781186546));
#1842=DIRECTION('',(0.,-1.,0.));
#1843=DIRECTION('center_axis',(0.,1.,0.));
#1844=DIRECTION('ref_axis',(-0.707106781186549,0.,0.707106781186546));
#1845=DIRECTION('',(0.,1.,0.));
#1846=DIRECTION('center_axis',(0.,1.,0.));
#1847=DIRECTION('ref_axis',(-1.,0.,0.));
#1848=DIRECTION('',(0.,0.,-1.));
#1849=DIRECTION('center_axis',(0.,1.,0.));
#1850=DIRECTION('ref_axis',(-0.707106781186548,0.,-0.707106781186547));
#1851=DIRECTION('',(1.,0.,0.));
#1852=DIRECTION('center_axis',(0.,1.,0.));
#1853=DIRECTION('ref_axis',(0.707106781186546,0.,-0.707106781186549));
#1854=DIRECTION('',(0.,0.,1.));
#1855=DIRECTION('center_axis',(0.,1.,0.));
#1856=DIRECTION('ref_axis',(0.707106781186548,0.,0.707106781186548));
#1857=DIRECTION('',(-1.,0.,0.));
#1858=DIRECTION('',(0.,0.,1.));
#1859=DIRECTION('',(1.,0.,0.));
#1860=DIRECTION('',(0.,0.,-1.));
#1861=DIRECTION('',(-1.,0.,0.));
#1862=DIRECTION('center_axis',(-1.,0.,0.));
#1863=DIRECTION('ref_axis',(0.,0.,1.));
#1864=DIRECTION('',(0.,0.,1.));
#1865=DIRECTION('',(0.,1.,0.));
#1866=DIRECTION('center_axis',(0.,1.,0.));
#1867=DIRECTION('ref_axis',(-0.707106781186548,0.,-0.707106781186547));
#1868=DIRECTION('center_axis',(0.,-1.,0.));
#1869=DIRECTION('ref_axis',(-0.707106781186548,0.,-0.707106781186547));
#1870=DIRECTION('',(0.,-1.,0.));
#1871=DIRECTION('center_axis',(0.,1.,0.));
#1872=DIRECTION('ref_axis',(0.707106781186546,0.,-0.707106781186549));
#1873=DIRECTION('center_axis',(0.,-1.,0.));
#1874=DIRECTION('ref_axis',(0.707106781186546,0.,-0.707106781186549));
#1875=DIRECTION('',(0.,-1.,0.));
#1876=DIRECTION('',(0.,1.,0.));
#1877=DIRECTION('center_axis',(1.,0.,0.));
#1878=DIRECTION('ref_axis',(0.,0.,-1.));
#1879=DIRECTION('',(0.,0.,-1.));
#1880=DIRECTION('',(0.,1.,0.));
#1881=DIRECTION('center_axis',(0.,1.,0.));
#1882=DIRECTION('ref_axis',(0.707106781186548,0.,0.707106781186548));
#1883=DIRECTION('center_axis',(0.,-1.,0.));
#1884=DIRECTION('ref_axis',(0.707106781186548,0.,0.707106781186548));
#1885=DIRECTION('',(0.,-1.,0.));
#1886=DIRECTION('center_axis',(0.,-0.707106781186545,0.70710678118655));
#1887=DIRECTION('ref_axis',(1.,0.,0.));
#1888=DIRECTION('',(1.,0.,0.));
#1889=DIRECTION('',(0.577350269189627,0.577350269189627,0.577350269189623));
#1890=DIRECTION('',(-1.,0.,0.));
#1891=DIRECTION('',(-0.577350269189627,0.577350269189627,0.577350269189623));
#1892=DIRECTION('center_axis',(0.707106781186548,-0.707106781186548,0.));
#1893=DIRECTION('ref_axis',(0.,0.,-1.));
#1894=DIRECTION('',(0.,0.,-1.));
#1895=DIRECTION('',(0.577350269189626,0.577350269189626,-0.577350269189626));
#1896=DIRECTION('',(0.,0.,1.));
#1897=DIRECTION('center_axis',(0.,-0.707106781186548,-0.707106781186548));
#1898=DIRECTION('ref_axis',(-1.,0.,0.));
#1899=DIRECTION('',(-1.,0.,0.));
#1900=DIRECTION('',(-0.577350269189624,0.577350269189624,-0.577350269189629));
#1901=DIRECTION('',(1.,0.,0.));
#1902=DIRECTION('center_axis',(-0.707106781186548,-0.707106781186548,0.));
#1903=DIRECTION('ref_axis',(0.,0.,1.));
#1904=DIRECTION('',(0.,0.,-1.));
#1905=DIRECTION('',(0.,0.,1.));
#1906=DIRECTION('center_axis',(-1.,0.,0.));
#1907=DIRECTION('ref_axis',(0.,0.,-1.));
#1908=DIRECTION('',(0.,-1.,0.));
#1909=DIRECTION('',(0.,-1.,0.));
#1910=DIRECTION('center_axis',(0.,0.,1.));
#1911=DIRECTION('ref_axis',(-1.,0.,0.));
#1912=DIRECTION('',(0.,-1.,0.));
#1913=DIRECTION('center_axis',(0.,-1.,0.));
#1914=DIRECTION('ref_axis',(0.,0.,-1.));
#1915=DIRECTION('',(-1.,0.,6.47054873367443E-17));
#1916=DIRECTION('',(3.8243428148531E-17,0.,1.));
#1917=DIRECTION('',(1.,0.,0.));
#1918=DIRECTION('',(0.,0.,-1.));
#1919=DIRECTION('center_axis',(-1.,0.,0.));
#1920=DIRECTION('ref_axis',(0.,0.,-1.));
#1921=DIRECTION('',(0.,0.,1.));
#1922=DIRECTION('',(0.,-1.,0.));
#1923=DIRECTION('',(0.,-1.,0.));
#1924=DIRECTION('center_axis',(0.,0.,-1.));
#1925=DIRECTION('ref_axis',(1.,0.,0.));
#1926=DIRECTION('',(-1.,0.,0.));
#1927=DIRECTION('',(0.,-1.,0.));
#1928=DIRECTION('center_axis',(1.,0.,-3.8243428148531E-17));
#1929=DIRECTION('ref_axis',(3.8243428148531E-17,0.,1.));
#1930=DIRECTION('',(-3.8243428148531E-17,0.,-1.));
#1931=DIRECTION('',(0.,-1.,0.));
#1932=DIRECTION('center_axis',(6.47054873367443E-17,0.,1.));
#1933=DIRECTION('ref_axis',(-1.,0.,6.47054873367443E-17));
#1934=DIRECTION('',(1.,0.,-6.47054873367443E-17));
#1935=DIRECTION('center_axis',(1.,0.,0.));
#1936=DIRECTION('ref_axis',(0.,0.,1.));
#1937=DIRECTION('',(0.,-1.,0.));
#1938=DIRECTION('center_axis',(0.,0.,-1.));
#1939=DIRECTION('ref_axis',(1.,0.,0.));
#1940=DIRECTION('center_axis',(0.,0.,1.));
#1941=DIRECTION('ref_axis',(1.,0.,0.));
#1942=DIRECTION('',(1.,0.,0.));
#1943=DIRECTION('center_axis',(0.,0.,-1.));
#1944=DIRECTION('ref_axis',(-1.,0.,0.));
#1945=DIRECTION('',(-1.,0.,0.));
#1946=DIRECTION('center_axis',(0.,1.,0.));
#1947=DIRECTION('ref_axis',(0.,0.,1.));
#1948=DIRECTION('center_axis',(0.,1.,0.));
#1949=DIRECTION('ref_axis',(-1.,0.,0.));
#1950=CARTESIAN_POINT('',(0.,0.,0.));
#1951=CARTESIAN_POINT('Origin',(1.75,2.,14.5));
#1952=CARTESIAN_POINT('',(7.,2.,15.5));
#1953=CARTESIAN_POINT('',(7.,3.,14.5));
#1954=CARTESIAN_POINT('Origin',(7.,2.,14.5));
#1955=CARTESIAN_POINT('',(0.,3.,14.5));
#1956=CARTESIAN_POINT('',(1.75,3.,14.5));
#1957=CARTESIAN_POINT('',(0.,2.,15.5));
#1958=CARTESIAN_POINT('Origin',(0.,2.,14.5));
#1959=CARTESIAN_POINT('',(1.75,2.,15.5));
#1960=CARTESIAN_POINT('Origin',(0.,0.,6.5));
#1961=CARTESIAN_POINT('',(0.,3.,7.5));
#1962=CARTESIAN_POINT('',(0.,3.,15.5));
#1963=CARTESIAN_POINT('',(0.,2.,6.5));
#1964=CARTESIAN_POINT('Origin',(0.,2.,7.5));
#1965=CARTESIAN_POINT('',(0.,0.,6.5));
#1966=CARTESIAN_POINT('',(0.,0.,6.5));
#1967=CARTESIAN_POINT('',(0.,0.,0.));
#1968=CARTESIAN_POINT('',(0.,0.,0.));
#1969=CARTESIAN_POINT('',(0.,-2.,0.));
#1970=CARTESIAN_POINT('',(0.,0.,0.));
#1971=CARTESIAN_POINT('',(0.,-2.,38.));
#1972=CARTESIAN_POINT('',(0.,-2.,38.));
#1973=CARTESIAN_POINT('',(0.,0.,38.));
#1974=CARTESIAN_POINT('',(0.,0.,38.));
#1975=CARTESIAN_POINT('',(0.,0.,15.5));
#1976=CARTESIAN_POINT('',(0.,0.,38.));
#1977=CARTESIAN_POINT('',(0.,0.,15.5));
#1978=CARTESIAN_POINT('Origin',(3.5,3.,11.));
#1979=CARTESIAN_POINT('',(7.,3.,7.5));
#1980=CARTESIAN_POINT('',(7.,3.,6.5));
#1981=CARTESIAN_POINT('',(5.25,3.,7.5));
#1982=CARTESIAN_POINT('Origin',(5.25,2.,7.5));
#1983=CARTESIAN_POINT('',(7.,2.,6.5));
#1984=CARTESIAN_POINT('Origin',(7.,2.,7.5));
#1985=CARTESIAN_POINT('',(5.25,2.,6.5));
#1986=CARTESIAN_POINT('Origin',(36.,0.,38.));
#1987=CARTESIAN_POINT('',(36.,0.,38.));
#1988=CARTESIAN_POINT('',(36.,0.,38.));
#1989=CARTESIAN_POINT('',(36.,-2.,38.));
#1990=CARTESIAN_POINT('',(36.,-2.,38.));
#1991=CARTESIAN_POINT('',(36.,0.,38.));
#1992=CARTESIAN_POINT('Origin',(36.,0.,0.));
#1993=CARTESIAN_POINT('',(36.,0.,0.));
#1994=CARTESIAN_POINT('',(36.,0.,0.));
#1995=CARTESIAN_POINT('',(36.,-2.,0.));
#1996=CARTESIAN_POINT('',(36.,-2.,0.));
#1997=CARTESIAN_POINT('',(36.,0.,0.));
#1998=CARTESIAN_POINT('Origin',(0.,0.,0.));
#1999=CARTESIAN_POINT('',(0.,0.,0.));
#2000=CARTESIAN_POINT('',(0.,-2.,0.));
#2001=CARTESIAN_POINT('Origin',(18.,0.,19.));
#2002=CARTESIAN_POINT('',(7.,0.,6.5));
#2003=CARTESIAN_POINT('',(0.,0.,6.5));
#2004=CARTESIAN_POINT('',(7.,0.,15.5));
#2005=CARTESIAN_POINT('',(7.,0.,6.5));
#2006=CARTESIAN_POINT('',(7.,0.,15.5));
#2007=CARTESIAN_POINT('Origin',(18.,-2.,19.));
#2008=CARTESIAN_POINT('Origin',(7.,0.,6.5));
#2009=CARTESIAN_POINT('',(7.,0.,6.5));
#2010=CARTESIAN_POINT('Origin',(7.,0.,15.5));
#2011=CARTESIAN_POINT('',(7.,0.,15.5));
#2012=CARTESIAN_POINT('Origin',(0.,0.,15.5));
#2013=CARTESIAN_POINT('Origin',(1.00000059604644,-12.6,0.));
#2014=CARTESIAN_POINT('',(1.00000059604644,-12.6,60.));
#2015=CARTESIAN_POINT('',(1.00000059604644,-12.6,0.));
#2016=CARTESIAN_POINT('',(1.00000059604644,-12.6,60.));
#2017=CARTESIAN_POINT('',(1.00000059604644,-2.6,60.));
#2018=CARTESIAN_POINT('',(1.00000059604644,-12.6,60.));
#2019=CARTESIAN_POINT('',(1.00000059604644,-2.6,0.));
#2020=CARTESIAN_POINT('',(1.00000059604644,-2.6,60.));
#2021=CARTESIAN_POINT('',(1.00000059604644,-12.6,0.));
#2022=CARTESIAN_POINT('Origin',(24.0000005960465,-12.6,0.));
#2023=CARTESIAN_POINT('',(24.0000005960465,-12.6,0.));
#2024=CARTESIAN_POINT('',(1.00000059604644,-12.6,0.));
#2025=CARTESIAN_POINT('',(24.0000005960465,-2.6,0.));
#2026=CARTESIAN_POINT('',(1.00000059604644,-2.6,0.));
#2027=CARTESIAN_POINT('',(24.0000005960465,-12.6,0.));
#2028=CARTESIAN_POINT('Origin',(24.0000005960465,-12.6,60.));
#2029=CARTESIAN_POINT('',(24.0000005960465,-12.6,60.));
#2030=CARTESIAN_POINT('',(24.0000005960465,-12.6,0.));
#2031=CARTESIAN_POINT('',(24.0000005960465,-2.6,60.));
#2032=CARTESIAN_POINT('',(24.0000005960465,-2.6,0.));
#2033=CARTESIAN_POINT('',(24.0000005960465,-12.6,60.));
#2034=CARTESIAN_POINT('Origin',(1.00000059604644,-12.6,60.));
#2035=CARTESIAN_POINT('',(24.0000005960465,-12.6,60.));
#2036=CARTESIAN_POINT('',(24.0000005960465,-2.6,60.));
#2037=CARTESIAN_POINT('Origin',(12.5000005960464,-2.6,30.));
#2038=CARTESIAN_POINT('Origin',(12.5000005960464,-12.6,30.));
#2039=CARTESIAN_POINT('Origin',(-1.49011603056692E-8,0.,62.0000009387732));
#2040=CARTESIAN_POINT('',(-1.00000001490116,-17.,62.0000009387732));
#2041=CARTESIAN_POINT('',(-1.49011603056692E-8,-17.,63.0000009387732));
#2042=CARTESIAN_POINT('Origin',(-1.49011603056692E-8,-17.,62.0000009387732));
#2043=CARTESIAN_POINT('',(-1.49011603056692E-8,7.,63.0000009387732));
#2044=CARTESIAN_POINT('',(-1.49011603056692E-8,0.,63.0000009387732));
#2045=CARTESIAN_POINT('',(-1.00000001490116,7.,62.0000009387732));
#2046=CARTESIAN_POINT('Origin',(-1.49011603056692E-8,7.,62.0000009387732));
#2047=CARTESIAN_POINT('',(-1.00000001490116,0.,62.0000009387732));
#2048=CARTESIAN_POINT('Origin',(39.0000005811453,0.,63.0000009387732));
#2049=CARTESIAN_POINT('',(37.0000005811453,-17.,63.0000009387732));
#2050=CARTESIAN_POINT('',(39.0000005811453,-17.,63.0000009387732));
#2051=CARTESIAN_POINT('',(37.0000005811453,7.,63.0000009387732));
#2052=CARTESIAN_POINT('',(37.0000005811453,-2.,63.0000009387732));
#2053=CARTESIAN_POINT('',(39.0000005811453,7.,63.0000009387732));
#2054=CARTESIAN_POINT('Origin',(19.0000002831221,-17.,30.5000004544854));
#2055=CARTESIAN_POINT('',(-1.00000001490116,-17.,-1.00000002980233));
#2056=CARTESIAN_POINT('',(-1.00000001490116,-17.,63.0000009387732));
#2057=CARTESIAN_POINT('',(-1.49011611383365E-8,-17.,-2.00000002980232));
#2058=CARTESIAN_POINT('Origin',(-1.49011611383365E-8,-17.,-1.00000002980233));
#2059=CARTESIAN_POINT('',(37.0000005811453,-17.,-2.00000002980232));
#2060=CARTESIAN_POINT('',(-1.00000001490116,-17.,-2.00000002980232));
#2061=CARTESIAN_POINT('',(38.0000005811453,-17.,-1.00000002980232));
#2062=CARTESIAN_POINT('Origin',(37.0000005811453,-17.,-1.00000002980232));
#2063=CARTESIAN_POINT('',(38.0000005811453,-17.,62.0000009387732));
#2064=CARTESIAN_POINT('',(38.0000005811453,-17.,14.2500002123415));
#2065=CARTESIAN_POINT('Origin',(37.0000005811453,-17.,62.0000009387732));
#2066=CARTESIAN_POINT('Origin',(-1.49011611383365E-8,0.,-1.00000002980233));
#2067=CARTESIAN_POINT('',(-1.00000001490116,7.,-1.00000002980233));
#2068=CARTESIAN_POINT('',(-1.49011611383365E-8,7.,-2.00000002980232));
#2069=CARTESIAN_POINT('Origin',(-1.49011611383365E-8,7.,-1.00000002980233));
#2070=CARTESIAN_POINT('',(-1.49011611383365E-8,0.,-2.00000002980232));
#2071=CARTESIAN_POINT('',(-1.00000001490116,0.,-1.00000002980233));
#2072=CARTESIAN_POINT('Origin',(-1.00000001490116,0.,-2.00000002980232));
#2073=CARTESIAN_POINT('',(37.0000005811453,7.,-2.00000002980232));
#2074=CARTESIAN_POINT('',(-1.00000001490116,7.,-2.00000002980232));
#2075=CARTESIAN_POINT('',(37.0000005811453,-2.,-2.00000002980232));
#2076=CARTESIAN_POINT('Origin',(37.0000005811453,-2.,-1.00000002980232));
#2077=CARTESIAN_POINT('',(38.0000005811453,7.,-1.00000002980232));
#2078=CARTESIAN_POINT('Origin',(37.0000005811453,7.,-1.00000002980232));
#2079=CARTESIAN_POINT('',(38.0000005811453,-2.,-1.00000002980232));
#2080=CARTESIAN_POINT('Origin',(37.0000005811453,-2.,62.0000009387732));
#2081=CARTESIAN_POINT('',(38.0000005811453,7.,62.0000009387732));
#2082=CARTESIAN_POINT('Origin',(37.0000005811453,7.,62.0000009387732));
#2083=CARTESIAN_POINT('',(38.0000005811453,-2.,62.0000009387732));
#2084=CARTESIAN_POINT('Origin',(39.0000005811453,-13.9622636329996,59.1321548229508));
#2085=CARTESIAN_POINT('',(38.0000005811453,-13.9622636329996,59.1321548229508));
#2086=CARTESIAN_POINT('',(38.0000005811453,-13.9622636329996,36.1321548229508));
#2087=CARTESIAN_POINT('',(38.0000005811453,-13.9622636329996,28.5660773965743));
#2088=CARTESIAN_POINT('',(33.0000005811453,-13.9622636329996,36.1321548229508));
#2089=CARTESIAN_POINT('',(39.0000005811453,-13.9622636329996,36.1321548229508));
#2090=CARTESIAN_POINT('',(33.0000005811453,-13.9622636329996,59.1321548229508));
#2091=CARTESIAN_POINT('',(33.0000005811453,-13.9622636329996,36.1321548229508));
#2092=CARTESIAN_POINT('',(39.0000005811453,-13.9622636329996,59.1321548229508));
#2093=CARTESIAN_POINT('Origin',(39.0000005811453,-13.9622636329996,36.1321548229508));
#2094=CARTESIAN_POINT('',(38.0000005811453,-3.96226363299959,36.1321548229508));
#2095=CARTESIAN_POINT('',(38.0000005811453,-6.98113181649979,36.1321548229508));
#2096=CARTESIAN_POINT('',(33.0000005811453,-3.96226363299959,36.1321548229508));
#2097=CARTESIAN_POINT('',(39.0000005811453,-3.96226363299959,36.1321548229508));
#2098=CARTESIAN_POINT('',(33.0000005811453,-3.96226363299959,36.1321548229508));
#2099=CARTESIAN_POINT('Origin',(38.0000005811453,-4.,30.5000004544854));
#2100=CARTESIAN_POINT('',(38.0000005811453,7.,30.5000004544854));
#2101=CARTESIAN_POINT('',(38.0000005811453,-3.96226363299959,59.1321548229508));
#2102=CARTESIAN_POINT('',(38.0000005811453,-1.98113181649979,59.1321548229508));
#2103=CARTESIAN_POINT('',(38.0000005811453,-3.96226363299959,17.0660773965742));
#2104=CARTESIAN_POINT('',(38.0000005811453,-1.53080849893419E-16,12.2500001639128));
#2105=CARTESIAN_POINT('Origin',(38.0000005811453,0.,11.0000001639128));
#2106=CARTESIAN_POINT('',(38.0000005811453,-12.7174402977769,15.0860763238477));
#2107=CARTESIAN_POINT('',(38.0000005811453,-4.71744029777686,15.0860763238477));
#2108=CARTESIAN_POINT('',(38.0000005811453,-4.35872014888843,15.0860763238477));
#2109=CARTESIAN_POINT('',(38.0000005811453,-12.7174402977769,28.0860763238477));
#2110=CARTESIAN_POINT('',(38.0000005811453,-12.7174402977769,22.7930383891665));
#2111=CARTESIAN_POINT('',(38.0000005811453,-4.71744029777686,28.0860763238477));
#2112=CARTESIAN_POINT('',(38.0000005811453,-8.35872014888843,28.0860763238477));
#2113=CARTESIAN_POINT('',(38.0000005811453,-4.71744029777686,29.2930383891665));
#2114=CARTESIAN_POINT('Origin',(19.0000002831221,7.,30.5000004544854));
#2115=CARTESIAN_POINT('',(-1.00000001490116,7.,63.0000009387732));
#2116=CARTESIAN_POINT('',(37.000000551343,7.,61.0000009089708));
#2117=CARTESIAN_POINT('',(0.,7.,61.0000009089708));
#2118=CARTESIAN_POINT('',(37.000000551343,7.,61.0000009089708));
#2119=CARTESIAN_POINT('',(0.,7.,0.));
#2120=CARTESIAN_POINT('',(0.,7.,61.0000009089708));
#2121=CARTESIAN_POINT('',(37.000000551343,7.,0.));
#2122=CARTESIAN_POINT('',(0.,7.,0.));
#2123=CARTESIAN_POINT('',(37.000000551343,7.,0.));
#2124=CARTESIAN_POINT('Origin',(39.0000005811453,-12.7174402977769,28.0860763238477));
#2125=CARTESIAN_POINT('',(37.0000005811453,-12.7174402977769,28.0860763238477));
#2126=CARTESIAN_POINT('',(39.0000005811453,-12.7174402977769,28.0860763238477));
#2127=CARTESIAN_POINT('',(37.0000005811453,-4.71744029777686,28.0860763238477));
#2128=CARTESIAN_POINT('',(37.000000551343,-6.35872014888843,28.0860763238477));
#2129=CARTESIAN_POINT('',(39.0000005811453,-4.71744029777686,28.0860763238477));
#2130=CARTESIAN_POINT('Origin',(39.0000005811453,-12.7174402977769,15.0860763238477));
#2131=CARTESIAN_POINT('',(37.0000005811453,-12.7174402977769,15.0860763238477));
#2132=CARTESIAN_POINT('',(39.0000005811453,-12.7174402977769,15.0860763238477));
#2133=CARTESIAN_POINT('',(37.000000551343,-12.7174402977769,38.0430386164093));
#2134=CARTESIAN_POINT('Origin',(39.0000005811453,0.,11.0000001639128));
#2135=CARTESIAN_POINT('',(37.000000551343,-1.53080849893419E-16,12.2500001639128));
#2136=CARTESIAN_POINT('',(39.0000005811453,1.53080849893419E-16,12.2500001639128));
#2137=CARTESIAN_POINT('Origin',(37.000000551343,0.,11.0000001639128));
#2138=CARTESIAN_POINT('Origin',(39.0000005811453,-4.71744029777686,15.0860763238477));
#2139=CARTESIAN_POINT('',(37.0000005811453,-4.71744029777686,15.0860763238477));
#2140=CARTESIAN_POINT('',(39.0000005811453,-4.71744029777686,15.0860763238477));
#2141=CARTESIAN_POINT('',(37.000000551343,-2.35872014888843,15.0860763238477));
#2142=CARTESIAN_POINT('Origin',(39.0000005811453,-4.71744029777686,28.0860763238477));
#2143=CARTESIAN_POINT('',(37.000000551343,-4.71744029777686,44.5430386164092));
#2144=CARTESIAN_POINT('Origin',(19.0000002831221,-15.,30.5000004544854));
#2145=CARTESIAN_POINT('',(0.,-15.,0.));
#2146=CARTESIAN_POINT('',(0.,-15.,61.0000009089708));
#2147=CARTESIAN_POINT('',(0.,-15.,61.0000009089708));
#2148=CARTESIAN_POINT('',(37.000000551343,-15.,61.0000009089708));
#2149=CARTESIAN_POINT('',(37.000000551343,-15.,61.0000009089708));
#2150=CARTESIAN_POINT('',(37.000000551343,-15.,60.0000008940697));
#2151=CARTESIAN_POINT('',(37.000000551343,-15.,0.));
#2152=CARTESIAN_POINT('',(33.0000005811453,-15.,60.0000008940697));
#2153=CARTESIAN_POINT('',(39.0000005811453,-15.,60.0000008940697));
#2154=CARTESIAN_POINT('',(33.0000005811453,-15.,35.2458224491258));
#2155=CARTESIAN_POINT('',(33.0000005811453,-15.,35.2458224491258));
#2156=CARTESIAN_POINT('',(37.000000551343,-15.,35.2458224491258));
#2157=CARTESIAN_POINT('',(39.0000005811453,-15.,35.2458224491258));
#2158=CARTESIAN_POINT('',(37.000000551343,-15.,0.));
#2159=CARTESIAN_POINT('',(37.000000551343,-15.,0.));
#2160=CARTESIAN_POINT('',(0.,-15.,0.));
#2161=CARTESIAN_POINT('Origin',(39.0000005811453,-3.96226363299959,36.1321548229508));
#2162=CARTESIAN_POINT('',(33.0000005811453,-3.96226363299959,59.1321548229508));
#2163=CARTESIAN_POINT('',(39.0000005811453,-3.96226363299959,59.1321548229508));
#2164=CARTESIAN_POINT('',(33.0000005811453,-3.96226363299959,59.1321548229508));
#2165=CARTESIAN_POINT('Origin',(39.0000005811453,-3.96226363299959,59.1321548229508));
#2166=CARTESIAN_POINT('',(33.0000005811453,-13.9622636329996,59.1321548229508));
#2167=CARTESIAN_POINT('Origin',(39.0000005811453,-3.00000004470348,60.0000008940697));
#2168=CARTESIAN_POINT('',(37.000000551343,-3.00000004470348,35.2458224491258));
#2169=CARTESIAN_POINT('',(37.000000551343,-3.00000004470348,60.0000008940697));
#2170=CARTESIAN_POINT('',(37.000000551343,-3.00000004470348,60.5000009015203));
#2171=CARTESIAN_POINT('',(33.0000005811453,-3.00000004470348,35.2458224491258));
#2172=CARTESIAN_POINT('',(39.0000005811453,-3.00000004470348,35.2458224491258));
#2173=CARTESIAN_POINT('',(33.0000005811453,-3.00000004470348,60.0000008940697));
#2174=CARTESIAN_POINT('',(33.0000005811453,-3.00000004470348,60.0000008940697));
#2175=CARTESIAN_POINT('',(39.0000005811453,-3.00000004470348,60.0000008940697));
#2176=CARTESIAN_POINT('Origin',(39.0000005811453,-3.00000004470348,35.2458224491258));
#2177=CARTESIAN_POINT('',(37.000000551343,-1.50000002235174,35.2458224491258));
#2178=CARTESIAN_POINT('',(33.0000005811453,-3.00000004470348,35.2458224491258));
#2179=CARTESIAN_POINT('Origin',(39.0000005811453,-15.,60.0000008940697));
#2180=CARTESIAN_POINT('',(37.000000551343,-7.5,60.0000008940697));
#2181=CARTESIAN_POINT('',(33.0000005811453,-15.,60.0000008940697));
#2182=CARTESIAN_POINT('Origin',(33.0000005811453,-9.00000002235174,47.6229116715977));
#2183=CARTESIAN_POINT('Origin',(-1.00000001490116,0.8,7.30000009685755));
#2184=CARTESIAN_POINT('',(-1.00000001490116,0.8,6.50000009685755));
#2185=CARTESIAN_POINT('',(-1.00000001490116,0.,7.30000009685755));
#2186=CARTESIAN_POINT('Origin',(-1.00000001490116,0.8,7.30000009685755));
#2187=CARTESIAN_POINT('',(0.,0.,7.30000009685755));
#2188=CARTESIAN_POINT('',(-1.00000001490116,0.,7.30000009685755));
#2189=CARTESIAN_POINT('',(0.,0.8,6.50000009685755));
#2190=CARTESIAN_POINT('Origin',(0.,0.8,7.30000009685755));
#2191=CARTESIAN_POINT('',(-1.00000001490116,0.8,6.50000009685755));
#2192=CARTESIAN_POINT('Origin',(-1.00000001490116,0.,15.500000230968));
#2193=CARTESIAN_POINT('',(-1.00000001490116,0.,14.700000230968));
#2194=CARTESIAN_POINT('',(-1.00000001490116,0.,39.2500005848706));
#2195=CARTESIAN_POINT('',(0.,0.,14.700000230968));
#2196=CARTESIAN_POINT('',(-1.00000001490116,0.,14.700000230968));
#2197=CARTESIAN_POINT('',(0.,0.,7.750000115484));
#2198=CARTESIAN_POINT('Origin',(-1.00000001490116,0.8,14.700000230968));
#2199=CARTESIAN_POINT('',(-1.00000001490116,0.8,15.500000230968));
#2200=CARTESIAN_POINT('Origin',(-1.00000001490116,0.8,14.700000230968));
#2201=CARTESIAN_POINT('',(0.,0.8,15.500000230968));
#2202=CARTESIAN_POINT('',(-1.00000001490116,0.8,15.500000230968));
#2203=CARTESIAN_POINT('Origin',(0.,0.8,14.700000230968));
#2204=CARTESIAN_POINT('Origin',(-1.00000001490116,3.00000004470348,15.500000230968));
#2205=CARTESIAN_POINT('',(-1.00000001490116,2.20000004470348,15.500000230968));
#2206=CARTESIAN_POINT('',(-1.00000001490116,1.50000002235174,15.500000230968));
#2207=CARTESIAN_POINT('',(0.,2.20000004470348,15.500000230968));
#2208=CARTESIAN_POINT('',(-1.00000001490116,2.20000004470348,15.500000230968));
#2209=CARTESIAN_POINT('',(0.,1.50000002235174,15.500000230968));
#2210=CARTESIAN_POINT('Origin',(-1.00000001490116,2.20000004470348,14.700000230968));
#2211=CARTESIAN_POINT('',(-1.00000001490116,3.00000004470348,14.700000230968));
#2212=CARTESIAN_POINT('Origin',(-1.00000001490116,2.20000004470348,14.700000230968));
#2213=CARTESIAN_POINT('',(0.,3.00000004470348,14.700000230968));
#2214=CARTESIAN_POINT('',(-1.00000001490116,3.00000004470348,14.700000230968));
#2215=CARTESIAN_POINT('Origin',(0.,2.20000004470348,14.700000230968));
#2216=CARTESIAN_POINT('Origin',(-1.00000001490116,3.00000004470348,6.50000009685755));
#2217=CARTESIAN_POINT('',(-1.00000001490116,3.00000004470348,7.30000009685755));
#2218=CARTESIAN_POINT('',(-1.00000001490116,3.00000004470348,34.7500005178154));
#2219=CARTESIAN_POINT('',(0.,3.00000004470348,7.30000009685755));
#2220=CARTESIAN_POINT('',(-1.00000001490116,3.00000004470348,7.30000009685755));
#2221=CARTESIAN_POINT('',(0.,3.00000004470348,3.25000004842877));
#2222=CARTESIAN_POINT('Origin',(-1.00000001490116,2.20000004470348,7.30000009685755));
#2223=CARTESIAN_POINT('',(-1.00000001490116,2.20000004470348,6.50000009685755));
#2224=CARTESIAN_POINT('Origin',(-1.00000001490116,2.20000004470348,7.30000009685755));
#2225=CARTESIAN_POINT('',(0.,2.20000004470348,6.50000009685755));
#2226=CARTESIAN_POINT('',(-1.00000001490116,2.20000004470348,6.50000009685755));
#2227=CARTESIAN_POINT('Origin',(0.,2.20000004470348,7.30000009685755));
#2228=CARTESIAN_POINT('Origin',(-1.00000001490116,0.,6.50000009685755));
#2229=CARTESIAN_POINT('',(0.,0.,6.50000009685755));
#2230=CARTESIAN_POINT('',(-1.00000001490116,0.,6.50000009685755));
#2231=CARTESIAN_POINT('Origin',(0.,0.,0.));
#2232=CARTESIAN_POINT('',(0.,0.,61.0000009089708));
#2233=CARTESIAN_POINT('',(0.,0.,0.));
#2234=CARTESIAN_POINT('Origin',(37.000000551343,0.,0.));
#2235=CARTESIAN_POINT('',(37.000000551343,0.,0.));
#2236=CARTESIAN_POINT('Origin',(37.000000551343,0.,61.0000009089708));
#2237=CARTESIAN_POINT('',(37.000000551343,0.,61.0000009089708));
#2238=CARTESIAN_POINT('Origin',(0.,0.,61.0000009089708));
#2239=CARTESIAN_POINT('Origin',(-1.00000001490116,0.,63.0000009387732));
#2240=CARTESIAN_POINT('Origin',(-1.49011611383365E-8,7.,62.0000009387732));
#2241=CARTESIAN_POINT('',(-1.49011603056692E-8,8.5,63.0000009387732));
#2242=CARTESIAN_POINT('',(-1.00000001490116,8.5,62.0000009387732));
#2243=CARTESIAN_POINT('Origin',(-1.49011611383365E-8,8.5,62.0000009387732));
#2244=CARTESIAN_POINT('',(-1.00000001490116,7.,62.0000009387732));
#2245=CARTESIAN_POINT('',(-1.00000001490116,7.,62.0000009387732));
#2246=CARTESIAN_POINT('',(-1.49011603056692E-8,7.,63.0000009387732));
#2247=CARTESIAN_POINT('Origin',(-1.49011611383365E-8,7.,62.0000009387732));
#2248=CARTESIAN_POINT('',(-1.49011611383365E-8,7.,63.0000009387732));
#2249=CARTESIAN_POINT('Origin',(18.5000002831221,7.,30.5000004544854));
#2250=CARTESIAN_POINT('',(-1.00000001490116,7.,-1.00000002980233));
#2251=CARTESIAN_POINT('',(-1.00000001490116,7.,63.0000009387732));
#2252=CARTESIAN_POINT('',(-1.49011603056692E-8,7.,-2.00000002980232));
#2253=CARTESIAN_POINT('Origin',(-1.49011603056692E-8,7.,-1.00000002980232));
#2254=CARTESIAN_POINT('',(37.0000005811453,7.,-2.00000002980232));
#2255=CARTESIAN_POINT('',(-1.00000001490116,7.,-2.00000002980232));
#2256=CARTESIAN_POINT('',(38.0000005811453,7.,-1.00000002980232));
#2257=CARTESIAN_POINT('Origin',(37.0000005811453,7.,-1.00000002980232));
#2258=CARTESIAN_POINT('',(38.0000005811453,7.,62.0000009387732));
#2259=CARTESIAN_POINT('',(38.0000005811453,7.,-2.00000002980232));
#2260=CARTESIAN_POINT('',(37.0000005811453,7.,63.0000009387732));
#2261=CARTESIAN_POINT('Origin',(37.0000005811453,7.,62.0000009387732));
#2262=CARTESIAN_POINT('',(38.0000005811453,7.,63.0000009387732));
#2263=CARTESIAN_POINT('',(0.,7.,0.));
#2264=CARTESIAN_POINT('',(0.,7.,61.0000009089708));
#2265=CARTESIAN_POINT('',(0.,7.,45.7500006817281));
#2266=CARTESIAN_POINT('',(37.000000551343,7.,61.0000009089708));
#2267=CARTESIAN_POINT('',(27.7500004172325,7.,61.0000009089708));
#2268=CARTESIAN_POINT('',(37.000000551343,7.,0.));
#2269=CARTESIAN_POINT('',(37.000000551343,7.,15.2500002272427));
#2270=CARTESIAN_POINT('',(9.25000014156103,7.,0.));
#2271=CARTESIAN_POINT('Origin',(-1.00000001490116,7.,-2.00000002980232));
#2272=CARTESIAN_POINT('',(-1.00000001490116,8.5,-1.00000002980233));
#2273=CARTESIAN_POINT('',(-1.00000001490116,8.5,63.0000009387732));
#2274=CARTESIAN_POINT('',(-1.00000001490116,7.,-1.00000002980232));
#2275=CARTESIAN_POINT('Origin',(-1.49011603056692E-8,7.,-1.00000002980232));
#2276=CARTESIAN_POINT('',(-1.49011603056692E-8,8.5,-2.00000002980232));
#2277=CARTESIAN_POINT('Origin',(-1.49011603056692E-8,8.5,-1.00000002980232));
#2278=CARTESIAN_POINT('',(-1.49011603056692E-8,7.,-2.00000002980232));
#2279=CARTESIAN_POINT('Origin',(37.0000005811453,7.,-1.00000002980232));
#2280=CARTESIAN_POINT('',(37.0000005811453,8.5,-2.00000002980232));
#2281=CARTESIAN_POINT('',(38.0000005811453,8.5,-1.00000002980232));
#2282=CARTESIAN_POINT('Origin',(37.0000005811453,8.5,-1.00000002980232));
#2283=CARTESIAN_POINT('',(38.0000005811453,7.,-1.00000002980232));
#2284=CARTESIAN_POINT('',(37.0000005811453,7.,-2.00000002980232));
#2285=CARTESIAN_POINT('Origin',(38.0000005811453,7.,63.0000009387732));
#2286=CARTESIAN_POINT('',(38.0000005811453,8.5,62.0000009387732));
#2287=CARTESIAN_POINT('',(38.0000005811453,8.5,-2.00000002980232));
#2288=CARTESIAN_POINT('',(38.0000005811453,7.,62.0000009387732));
#2289=CARTESIAN_POINT('Origin',(37.0000005811453,7.,62.0000009387732));
#2290=CARTESIAN_POINT('',(37.0000005811453,8.5,63.0000009387732));
#2291=CARTESIAN_POINT('Origin',(37.0000005811453,8.5,62.0000009387732));
#2292=CARTESIAN_POINT('',(37.0000005811453,7.,63.0000009387732));
#2293=CARTESIAN_POINT('Origin',(27.7500004135072,5.3,60.7000009089708));
#2294=CARTESIAN_POINT('',(0.600000000000001,5.,60.4000009089708));
#2295=CARTESIAN_POINT('',(36.400000551343,5.,60.4000009089708));
#2296=CARTESIAN_POINT('',(27.7500004135072,5.,60.4000009089708));
#2297=CARTESIAN_POINT('',(37.000000551343,5.6,61.0000009089708));
#2298=CARTESIAN_POINT('',(36.400000551343,5.,60.4000009089708));
#2299=CARTESIAN_POINT('',(0.,5.6,61.0000009089708));
#2300=CARTESIAN_POINT('',(27.7500004135072,5.6,61.0000009089708));
#2301=CARTESIAN_POINT('',(0.600000000000001,5.,60.4000009089708));
#2302=CARTESIAN_POINT('Origin',(36.700000551343,5.3,15.2500002272427));
#2303=CARTESIAN_POINT('',(36.400000551343,5.,0.600000000000001));
#2304=CARTESIAN_POINT('',(36.400000551343,5.,15.2500002272427));
#2305=CARTESIAN_POINT('',(37.000000551343,5.6,0.));
#2306=CARTESIAN_POINT('',(36.400000551343,5.,0.600000000000001));
#2307=CARTESIAN_POINT('',(37.000000551343,5.6,15.2500002272427));
#2308=CARTESIAN_POINT('Origin',(9.25000013783574,5.3,0.3));
#2309=CARTESIAN_POINT('',(0.600000000000001,5.,0.600000000000005));
#2310=CARTESIAN_POINT('',(9.25000013783574,5.,0.600000000000001));
#2311=CARTESIAN_POINT('',(0.,5.6,0.));
#2312=CARTESIAN_POINT('',(0.600000000000001,5.,0.600000000000005));
#2313=CARTESIAN_POINT('',(9.25000013783574,5.6,0.));
#2314=CARTESIAN_POINT('Origin',(0.3,5.3,45.7500006817281));
#2315=CARTESIAN_POINT('',(0.,5.6,45.7500006817281));
#2316=CARTESIAN_POINT('',(0.600000000000001,5.,45.7500006817281));
#2317=CARTESIAN_POINT('Origin',(0.,7.,61.0000009089708));
#2318=CARTESIAN_POINT('',(0.,7.,61.0000009089708));
#2319=CARTESIAN_POINT('',(0.,7.,0.));
#2320=CARTESIAN_POINT('Origin',(37.000000551343,7.,61.0000009089708));
#2321=CARTESIAN_POINT('',(37.000000551343,7.,61.0000009089708));
#2322=CARTESIAN_POINT('Origin',(18.5000002756715,5.,30.5000004544854));
#2323=CARTESIAN_POINT('',(35.6938672106041,5.,1.46864430166922));
#2324=CARTESIAN_POINT('',(1.37767331974399,5.,1.46864430166923));
#2325=CARTESIAN_POINT('',(1.37767331974399,5.,1.46864430166923));
#2326=CARTESIAN_POINT('',(1.37767331974399,5.,59.5294970219452));
#2327=CARTESIAN_POINT('',(1.37767331974399,5.,59.5294970219452));
#2328=CARTESIAN_POINT('',(35.6938672106041,5.,59.5294970219452));
#2329=CARTESIAN_POINT('',(35.6938672106041,5.,59.5294970219452));
#2330=CARTESIAN_POINT('',(35.6938672106041,5.,1.46864430166922));
#2331=CARTESIAN_POINT('Origin',(35.6938672106041,7.,59.5294970219452));
#2332=CARTESIAN_POINT('',(35.6938672106041,7.,1.46864430166922));
#2333=CARTESIAN_POINT('',(35.6938672106041,7.,59.5294970219452));
#2334=CARTESIAN_POINT('',(35.6938672106041,7.,45.0147487382153));
#2335=CARTESIAN_POINT('',(35.6938672106041,7.,1.46864430166922));
#2336=CARTESIAN_POINT('',(35.6938672106041,7.,59.5294970219452));
#2337=CARTESIAN_POINT('Origin',(1.37767331974399,7.,59.5294970219452));
#2338=CARTESIAN_POINT('',(1.37767331974399,7.,59.5294970219452));
#2339=CARTESIAN_POINT('',(9.93883680143303,7.,59.5294970219452));
#2340=CARTESIAN_POINT('',(1.37767331974399,7.,59.5294970219452));
#2341=CARTESIAN_POINT('Origin',(1.37767331974399,7.,1.46864430166922));
#2342=CARTESIAN_POINT('',(1.37767331974399,7.,1.46864430166923));
#2343=CARTESIAN_POINT('',(1.37767331974399,7.,15.9843223780773));
#2344=CARTESIAN_POINT('',(1.37767331974399,7.,1.46864430166923));
#2345=CARTESIAN_POINT('Origin',(35.6938672106041,7.,1.46864430166922));
#2346=CARTESIAN_POINT('',(27.0969337468631,7.,1.46864430166922));
#2347=CARTESIAN_POINT('Origin',(37.000000551343,7.,0.));
#2348=CARTESIAN_POINT('',(37.000000551343,7.,0.));
#2349=CARTESIAN_POINT('Origin',(0.,7.,0.));
#2350=CARTESIAN_POINT('Origin',(-1.00000001490116,7.,63.0000009387732));
#2351=CARTESIAN_POINT('',(38.0000005811453,8.5,63.0000009387732));
#2352=CARTESIAN_POINT('Origin',(38.0000005811453,7.,-2.00000002980232));
#2353=CARTESIAN_POINT('',(-1.00000001490116,8.5,-2.00000002980232));
#2354=CARTESIAN_POINT('Origin',(18.5000002831221,8.5,30.5000004544854));
#2355=CARTESIAN_POINT('Origin',(18.5000002831221,7.,30.5000004544854));
#2356=UNCERTAINTY_MEASURE_WITH_UNIT(LENGTH_MEASURE(0.01),#2360,
'DISTANCE_ACCURACY_VALUE',
'Maximum model space distance between geometric entities at asserted c
onnectivities');
#2357=UNCERTAINTY_MEASURE_WITH_UNIT(LENGTH_MEASURE(0.01),#2360,
'DISTANCE_ACCURACY_VALUE',
'Maximum model space distance between geometric entities at asserted c
onnectivities');
#2358=(
GEOMETRIC_REPRESENTATION_CONTEXT(3)
GLOBAL_UNCERTAINTY_ASSIGNED_CONTEXT((#2356))
GLOBAL_UNIT_ASSIGNED_CONTEXT((#2360,#2362,#2363))
REPRESENTATION_CONTEXT('','3D')
);
#2359=(
GEOMETRIC_REPRESENTATION_CONTEXT(3)
GLOBAL_UNCERTAINTY_ASSIGNED_CONTEXT((#2357))
GLOBAL_UNIT_ASSIGNED_CONTEXT((#2360,#2362,#2363))
REPRESENTATION_CONTEXT('','3D')
);
#2360=(
LENGTH_UNIT()
NAMED_UNIT(*)
SI_UNIT(.MILLI.,.METRE.)
);
#2361=(
LENGTH_UNIT()
NAMED_UNIT(*)
SI_UNIT($,.METRE.)
);
#2362=(
NAMED_UNIT(*)
PLANE_ANGLE_UNIT()
SI_UNIT($,.RADIAN.)
);
#2363=(
NAMED_UNIT(*)
SI_UNIT($,.STERADIAN.)
SOLID_ANGLE_UNIT()
);
#2364=SHAPE_DEFINITION_REPRESENTATION(#2365,#2366);
#2365=PRODUCT_DEFINITION_SHAPE('',$,#2368);
#2366=SHAPE_REPRESENTATION('',(#1456),#2358);
#2367=PRODUCT_DEFINITION_CONTEXT('part definition',#2372,'design');
#2368=PRODUCT_DEFINITION('(Unsaved)','(Unsaved)',#2369,#2367);
#2369=PRODUCT_DEFINITION_FORMATION('',$,#2374);
#2370=PRODUCT_RELATED_PRODUCT_CATEGORY('(Unsaved)','(Unsaved)',(#2374));
#2371=APPLICATION_PROTOCOL_DEFINITION('international standard',
'automotive_design',2009,#2372);
#2372=APPLICATION_CONTEXT(
'Core Data for Automotive Mechanical Design Process');
#2373=PRODUCT_CONTEXT('part definition',#2372,'mechanical');
#2374=PRODUCT('(Unsaved)','(Unsaved)',$,(#2373));
#2375=PRESENTATION_STYLE_ASSIGNMENT((#2376));
#2376=SURFACE_STYLE_USAGE(.BOTH.,#2377);
#2377=SURFACE_SIDE_STYLE('',(#2378));
#2378=SURFACE_STYLE_FILL_AREA(#2379);
#2379=FILL_AREA_STYLE('Steel - Satin',(#2380));
#2380=FILL_AREA_STYLE_COLOUR('Steel - Satin',#2381);
#2381=COLOUR_RGB('Steel - Satin',0.627450980392157,0.627450980392157,0.627450980392157);
ENDSEC;
END-ISO-10303-21;
